City_ID,City,Country,Date,Lat,Lng,Max Temp,Humidity,Cloudiness,Wind Speed
0,Hermanus,ZA,2020-05-08 18:57:26,-34.42,19.23,64.99,75,0,9.8
1,New Norfolk,AU,2020-05-08 18:57:26,-42.78,147.06,48.99,81,100,1.23
2,Atuona,PF,2020-05-08 18:57:26,-9.8,-139.03,81.28,74,67,17.63
3,Bluff,NZ,2020-05-08 18:57:26,-46.6,168.33,50.95,78,61,13.0
4,Canberra,AU,2020-05-08 18:57:18,-35.28,149.13,52.0,100,40,2.24
5,Torbay,CA,2020-05-08 18:57:26,47.67,-52.73,44.01,86,75,27.51
6,Padang,ID,2020-05-08 18:57:26,-0.95,100.35,79.45,74,100,4.09
7,Forestville,US,2020-05-08 18:52:28,38.85,-76.88,64.99,42,20,11.41
8,Puerto Baquerizo Moreno,EC,2020-05-08 18:57:27,-0.9,-89.6,84.2,74,40,8.05
9,Dhola,IN,2020-05-08 18:57:27,21.88,71.78,86.63,45,0,10.4
10,Ushuaia,AR,2020-05-08 18:57:27,-54.8,-68.3,42.8,100,83,4.7
11,Bathsheba,BB,2020-05-08 18:57:27,13.22,-59.52,87.8,58,20,20.8
12,Lebu,CL,2020-05-08 18:57:27,-37.62,-73.65,61.99,77,100,15.3
13,Punta Arenas,CL,2020-05-08 18:57:27,-53.15,-70.92,53.6,66,98,9.17
14,Port Alfred,ZA,2020-05-08 18:57:27,-33.59,26.89,64.99,96,8,4.43
15,Stornoway,GB,2020-05-08 18:57:27,58.21,-6.39,48.99,93,100,5.82
16,Vila Velha,BR,2020-05-08 18:57:27,-20.33,-40.29,75.2,57,40,16.11
17,Rzhev,RU,2020-05-08 18:57:27,56.26,34.33,45.37,66,87,4.54
18,Longyearbyen,SJ,2020-05-08 18:57:27,78.22,15.64,26.6,73,75,5.82
19,Faanui,PF,2020-05-08 18:57:27,-16.48,-151.75,82.09,78,100,14.2
20,Japura,ID,2020-05-08 18:57:27,-0.32,102.35,74.62,95,100,0.94
21,Puerto Ayora,EC,2020-05-08 18:57:28,-0.74,-90.35,84.2,70,20,20.8
22,Vaini,TO,2020-05-08 18:57:28,-21.2,-175.2,78.8,94,75,10.29
23,Rikitea,PF,2020-05-08 18:57:28,-23.12,-134.97,75.76,71,29,8.46
24,Saskylakh,RU,2020-05-08 18:57:28,71.92,114.08,-2.34,92,71,2.08
25,Urbano Santos,BR,2020-05-08 18:57:28,-3.21,-43.4,89.55,55,48,3.87
26,Taoudenni,ML,2020-05-08 18:57:28,22.68,-3.98,97.3,19,100,25.66
27,Provideniya,RU,2020-05-08 18:57:28,64.38,-173.3,36.09,80,100,17.72
28,Kavieng,PG,2020-05-08 18:57:28,-2.57,150.8,82.62,74,0,8.48
29,Dikson,RU,2020-05-08 18:57:28,73.51,80.55,28.8,97,100,24.81
30,Baruun-Urt,MN,2020-05-08 18:58:44,46.68,113.28,46.85,64,20,8.61
31,Timiryazevskiy,RU,2020-05-08 18:58:44,56.49,84.88,52.0,75,0,5.59
32,Sompeta,IN,2020-05-08 18:58:44,18.93,84.6,82.18,80,2,9.66
33,Dayal Bagh,IN,2020-05-08 18:58:44,27.22,78.02,93.51,17,0,6.6
34,Asosa,ET,2020-05-08 18:58:44,10.07,34.53,68.7,80,90,2.3
35,Mar Del Plata,AR,2020-05-08 18:58:44,-38.0,-57.56,62.6,59,100,20.8
36,Kahului,US,2020-05-08 18:58:44,20.89,-156.47,69.8,88,75,12.75
37,Orichi,RU,2020-05-08 18:58:44,58.4,49.06,56.1,92,100,3.31
38,Ust-Kuyga,RU,2020-05-08 18:58:44,70.02,135.6,25.79,97,100,1.01
39,Cam Ranh,VN,2020-05-08 18:58:44,11.92,109.16,86.0,89,20,11.41
40,Mount Darwin,ZW,2020-05-08 18:58:45,-16.77,31.58,61.3,70,0,3.89
41,San Juan Bautista,PE,2020-05-08 18:58:45,-14.01,-75.74,71.6,73,1,12.75
42,Gavle,SE,2020-05-08 18:58:45,60.67,17.14,51.01,46,53,1.99
43,Butaritari,KI,2020-05-08 18:58:45,3.07,172.79,82.42,75,100,3.49
44,Hobart,AU,2020-05-08 18:54:59,-42.88,147.33,53.6,81,90,3.36
45,Mahebourg,MU,2020-05-08 18:58:45,-20.41,57.7,73.4,94,20,4.7
46,Norman Wells,CA,2020-05-08 18:58:45,65.28,-126.83,39.2,60,5,12.75
47,Ardakan,IR,2020-05-08 18:58:45,32.31,54.02,77.0,9,0,4.7
48,Tuktoyaktuk,CA,2020-05-08 18:58:45,69.45,-133.04,21.2,79,5,16.11
49,Mataura,NZ,2020-05-08 18:58:45,-46.19,168.86,46.69,84,90,3.96
50,Yellowknife,CA,2020-05-08 18:55:23,62.46,-114.35,39.99,74,90,13.87
51,Guerrero Negro,MX,2020-05-08 18:58:46,27.98,-114.06,80.91,35,0,7.61
52,Ancud,CL,2020-05-08 18:58:46,-41.87,-73.82,57.99,100,90,16.11
53,Port Elizabeth,ZA,2020-05-08 18:58:46,-33.92,25.57,60.8,100,0,4.7
54,Saint-Philippe,RE,2020-05-08 18:58:46,-21.36,55.77,73.4,64,100,8.05
55,Kikwit,CD,2020-05-08 18:58:46,-5.04,18.82,75.13,89,100,1.01
56,Souillac,MU,2020-05-08 18:58:46,-20.52,57.52,73.4,94,20,4.7
57,Labuhan,ID,2020-05-08 18:58:46,-6.88,112.21,79.29,88,63,6.98
58,Cherskiy,RU,2020-05-08 18:58:46,68.75,161.3,28.22,93,0,5.88
59,Rio Grande,BR,2020-05-08 18:57:50,-32.03,-52.1,71.6,40,0,4.7
60,Castro,BR,2020-05-08 18:54:48,-24.79,-50.01,63.59,49,0,4.43
61,Laguna,US,2020-05-08 18:58:47,38.42,-121.42,84.2,28,1,3.36
62,Mount Gambier,AU,2020-05-08 18:58:47,-37.83,140.77,50.0,100,75,8.05
63,Vao,NC,2020-05-08 18:58:47,-22.67,167.48,73.13,78,41,23.24
64,Cape Town,ZA,2020-05-08 18:55:52,-33.93,18.42,66.99,93,0,9.17
65,Ngorongoro,TZ,2020-05-08 18:58:47,-3.24,35.49,53.47,100,61,6.08
66,Hays,US,2020-05-08 18:56:07,30.05,-98.03,75.99,59,99,15.99
67,Cayenne,GF,2020-05-08 18:58:47,4.93,-52.33,84.2,70,20,14.99
68,Canutama,BR,2020-05-08 18:58:47,-6.53,-64.38,86.94,54,68,3.15
69,Punuare,HN,2020-05-08 18:58:47,14.73,-85.97,90.48,43,100,4.65
70,Fukue,JP,2020-05-08 18:58:47,32.69,128.84,68.13,79,100,27.63
71,Turayf,SA,2020-05-08 18:58:48,31.67,38.66,78.8,24,0,10.29
72,Nantucket,US,2020-05-08 18:58:48,41.28,-70.1,54.0,57,20,11.41
73,Saint-Georges,GD,2020-05-08 18:58:48,12.06,-61.75,87.8,66,20,20.8
74,Nikolskoye,RU,2020-05-08 18:58:48,59.7,30.79,48.2,39,0,4.47
75,Jamestown,US,2020-05-08 18:56:30,42.1,-79.24,34.0,92,90,6.93
76,Ponta Do Sol,PT,2020-05-08 18:58:48,32.67,-17.1,69.8,68,20,14.99
77,Busselton,AU,2020-05-08 18:55:36,-33.65,115.33,46.0,67,1,6.04
78,Santarem,BR,2020-05-08 18:58:48,-2.44,-54.71,86.0,74,20,9.17
79,Hilo,US,2020-05-08 18:58:08,19.73,-155.09,75.2,64,90,4.54
80,Tura,IN,2020-05-08 18:58:48,25.52,90.22,74.52,41,0,3.47
81,Bulata,PH,2020-05-08 18:58:48,9.86,122.4,83.1,79,35,7.9
82,Nizwa,OM,2020-05-08 18:58:49,22.93,57.53,87.53,18,0,5.17
83,Suez,EG,2020-05-08 18:58:49,29.97,32.53,75.49,38,0,22.7
84,Tainan,TW,2020-05-08 18:58:49,22.99,120.21,79.0,88,20,3.8
85,Baker City,US,2020-05-08 18:58:49,44.77,-117.83,60.8,38,1,8.05
86,Tasiilaq,GL,2020-05-08 18:58:49,65.61,-37.64,33.8,74,0,4.7
87,Calama,CL,2020-05-08 18:58:49,-22.47,-68.93,73.4,11,0,20.8
88,Khani,GE,2020-05-08 18:58:49,41.96,42.96,51.8,100,90,9.17
89,Chokurdakh,RU,2020-05-08 18:58:49,70.63,147.92,18.45,97,49,8.01
90,Fairbanks,US,2020-05-08 18:57:53,64.84,-147.72,60.01,30,75,11.41
91,Aklavik,CA,2020-05-08 18:58:49,68.22,-135.01,39.2,55,5,10.29
92,Saint-Pierre,RE,2020-05-08 18:58:49,-21.34,55.48,73.4,64,100,8.05
93,Port Hardy,CA,2020-05-08 18:58:50,50.7,-127.42,53.6,66,20,4.7
94,Kaitangata,NZ,2020-05-08 18:58:50,-46.28,169.85,48.99,87,2,1.99
95,Upernavik,GL,2020-05-08 18:58:50,72.79,-56.15,22.03,86,97,5.73
96,Chernitsyno,RU,2020-05-08 18:58:50,51.51,36.05,48.2,93,75,2.24
97,Kitimat,CA,2020-05-08 18:58:50,54.05,-128.65,60.8,38,75,20.8
98,Marienburg,PL,2020-05-08 18:57:02,54.04,19.03,54.0,91,0,1.63
99,Avarua,CK,2020-05-08 18:56:50,-21.21,-159.78,78.8,83,15,5.82
100,Albany,US,2020-05-08 18:58:50,42.6,-73.97,59.0,19,100,2.46
101,Esperance,AU,2020-05-08 18:58:50,-33.87,121.9,50.0,93,90,5.82
102,Mogadishu,SO,2020-05-08 18:55:27,2.04,45.34,82.85,80,89,12.53
103,Waitati,NZ,2020-05-08 18:58:50,-45.75,170.57,51.01,82,0,5.01
104,Oksfjord,NO,2020-05-08 18:58:50,70.24,22.35,35.6,69,100,3.36
105,Bambous Virieux,MU,2020-05-08 18:55:04,-20.34,57.76,73.4,94,20,4.7
106,Rabo De Peixe,PT,2020-05-08 18:58:51,37.8,-25.58,62.6,67,40,17.22
107,Dargaville,NZ,2020-05-08 18:58:51,-35.93,173.88,56.64,80,76,4.56
108,Shingu,JP,2020-05-08 18:58:51,33.73,135.98,58.42,80,100,2.89
109,Mana,GF,2020-05-08 18:58:51,5.66,-53.78,81.68,72,63,12.28
110,Paamiut,GL,2020-05-08 18:58:51,61.99,-49.67,40.89,78,92,7.2
111,Ames,US,2020-05-08 18:56:30,42.03,-93.62,55.0,32,1,18.34
112,Gorontalo,ID,2020-05-08 18:58:51,0.54,123.06,76.64,88,21,2.73
113,Korla,CN,2020-05-08 18:58:51,41.76,86.15,61.79,29,5,3.56
114,Chuy,UY,2020-05-08 18:58:51,-33.7,-53.46,62.78,51,0,7.29
115,Port-Gentil,GA,2020-05-08 18:58:51,-0.72,8.78,78.8,94,75,12.75
116,Atbasar,KZ,2020-05-08 18:58:52,51.8,68.33,61.59,48,0,14.74
117,Sistranda,NO,2020-05-08 18:58:52,63.73,8.83,41.0,65,75,4.7
118,Vieques,PR,2020-05-08 18:58:52,18.43,-65.83,91.4,49,20,12.75
119,Vardo,NO,2020-05-08 18:55:06,70.37,31.11,33.8,69,40,8.05
120,Te Anau,NZ,2020-05-08 18:58:52,-45.42,167.72,49.37,83,100,2.75
121,Pevek,RU,2020-05-08 18:58:52,69.7,170.31,29.05,92,0,8.57
122,Clyde River,CA,2020-05-08 18:58:52,70.47,-68.59,19.4,85,75,20.8
123,Bubaque,GW,2020-05-08 18:58:52,11.28,-15.83,79.54,77,61,15.03
124,Kapaa,US,2020-05-08 18:58:52,22.08,-159.32,75.2,69,1,16.11
125,Narsaq,GL,2020-05-08 18:58:52,60.92,-46.05,55.4,47,75,6.93
126,Kottagudem,IN,2020-05-08 18:58:52,17.55,80.63,88.5,51,1,8.77
127,Hithadhoo,MV,2020-05-08 18:58:53,-0.6,73.08,85.24,78,100,14.18
128,Kaduqli,SD,2020-05-08 18:58:53,11.02,29.72,88.66,12,75,2.3
129,Victoria,HK,2020-05-08 18:58:53,22.29,114.16,82.0,80,36,7.0
130,Ribeira Grande,PT,2020-05-08 18:58:53,38.52,-28.7,64.4,72,75,19.46
131,Flinders,AU,2020-05-08 18:58:53,-34.58,150.86,72.0,44,0,14.0
132,Grand Gaube,MU,2020-05-08 18:58:53,-20.01,57.66,73.4,94,20,4.7
133,Mahajanga,MG,2020-05-08 18:58:53,-15.72,46.32,80.6,83,20,5.82
134,Tual,ID,2020-05-08 18:58:53,-5.67,132.75,82.89,78,0,19.01
135,Lagoa,PT,2020-05-08 18:58:54,39.05,-27.98,60.73,73,77,25.39
136,Muzaffarabad,PK,2020-05-08 18:58:54,34.37,73.47,68.58,51,100,5.86
137,Wuan,CN,2020-05-08 18:58:54,31.68,112.0,65.8,81,44,4.38
138,Okhotsk,RU,2020-05-08 18:58:54,59.38,143.3,32.27,92,100,1.99
139,Revda,RU,2020-05-08 18:58:54,56.8,59.93,60.8,48,6,6.71
140,Strezhevoy,RU,2020-05-08 18:58:54,60.73,77.59,60.8,51,100,6.71
141,Alugan,PH,2020-05-08 18:58:54,12.22,125.48,80.01,79,100,5.03
142,Isangel,VU,2020-05-08 18:58:54,-19.55,169.27,71.6,94,20,19.89
143,Cidreira,BR,2020-05-08 18:58:54,-30.18,-50.21,63.43,67,0,6.89
144,San Rafael,AR,2020-05-08 18:58:54,-34.62,-68.33,77.02,19,100,13.71
145,Maceio,BR,2020-05-08 18:55:08,-9.67,-35.74,86.0,58,40,6.93
146,Torun,PL,2020-05-08 18:58:55,53.01,18.6,59.0,30,0,5.82
147,Cabo San Lucas,MX,2020-05-08 18:55:45,22.89,-109.91,87.8,20,5,6.93
148,Bredasdorp,ZA,2020-05-08 18:58:55,-34.53,20.04,64.4,88,9,3.36
149,Wukari,NG,2020-05-08 18:58:55,7.85,9.78,84.51,68,52,8.34
150,Mirante Do Paranapanema,BR,2020-05-08 18:58:55,-22.29,-51.91,75.2,29,0,6.93
151,Guilin,CN,2020-05-08 18:58:55,25.28,110.29,80.6,94,75,2.62
152,Smidovich,RU,2020-05-08 18:58:55,48.6,133.82,48.36,56,0,4.38
153,Saint Anthony,US,2020-05-08 18:58:55,45.02,-93.22,46.99,28,1,6.93
154,Kuantan,MY,2020-05-08 18:56:04,3.81,103.33,78.8,94,20,0.98
155,Pisco,PE,2020-05-08 18:58:55,-13.7,-76.22,71.6,73,7,12.75
156,Machali,CL,2020-05-08 18:58:56,-34.18,-70.67,75.2,27,100,8.05
157,Aloleng,PH,2020-05-08 18:58:56,16.13,119.78,83.75,77,42,5.68
158,Aragarcas,BR,2020-05-08 18:58:56,-15.9,-52.25,84.2,48,20,2.24
159,Sevlievo,BG,2020-05-08 18:58:56,43.03,25.11,53.01,72,10,3.98
160,Nuuk,GL,2020-05-08 18:58:56,64.18,-51.72,44.6,75,75,4.7
161,Amapa,BR,2020-05-08 18:58:56,1.0,-52.0,80.98,91,100,4.16
162,Kasulu,TZ,2020-05-08 18:58:56,-4.58,30.1,77.0,78,20,2.62
163,Conceicao Da Barra,BR,2020-05-08 18:58:56,-18.59,-39.73,70.07,86,100,9.84
164,Ust-Koksa,RU,2020-05-08 18:58:56,50.27,85.61,46.42,61,0,2.04
165,Airai,TL,2020-05-08 18:58:56,-8.93,125.41,55.99,84,0,3.13
166,Thompson,CA,2020-05-08 18:58:56,55.74,-97.86,30.2,68,75,9.17
167,Vila,PT,2020-05-08 18:58:57,42.03,-8.16,59.0,89,11,3.0
168,Hasaki,JP,2020-05-08 18:58:57,35.73,140.83,55.4,76,100,6.93
169,Kargala,RU,2020-05-08 18:58:57,56.62,83.96,52.0,66,0,6.49
170,Carutapera,BR,2020-05-08 18:58:57,-1.2,-46.02,82.96,83,100,4.52
171,Quatre Cocos,MU,2020-05-08 18:58:57,-20.21,57.76,73.4,94,20,4.7
172,Bahia Blanca,AR,2020-05-08 18:58:57,-38.72,-62.27,68.72,37,18,15.41
173,Nunkini,MX,2020-05-08 18:58:57,20.33,-90.18,91.4,49,40,11.41
174,Leh,IN,2020-05-08 18:58:57,34.17,77.58,41.95,53,3,3.67
175,Eyl,SO,2020-05-08 18:58:57,7.98,49.82,83.95,69,0,8.46
176,Cairns,AU,2020-05-08 18:58:58,-16.92,145.77,69.8,88,40,10.29
177,Harper,LR,2020-05-08 18:58:58,4.38,-7.72,82.29,79,19,8.21
178,Porto Novo,BJ,2020-05-08 18:58:58,6.5,2.6,86.0,79,20,10.29
179,Partizansk,RU,2020-05-08 18:58:58,43.13,133.13,48.87,84,100,1.92
180,Povenets,RU,2020-05-08 18:58:58,62.85,34.83,40.53,69,85,4.92
181,Pemangkat,ID,2020-05-08 18:55:59,1.17,108.97,79.9,85,100,3.96
182,Mandan,US,2020-05-08 18:56:48,46.83,-100.89,57.99,30,1,4.7
183,Erzin,TR,2020-05-08 18:58:58,36.96,36.2,66.99,72,97,5.1
184,Tsabong,BW,2020-05-08 18:58:58,-26.02,22.4,69.78,26,100,8.7
185,Pundaguitan,PH,2020-05-08 18:58:58,6.37,126.17,83.21,79,1,7.2
186,Seoul,KR,2020-05-08 18:56:58,37.57,126.98,57.2,87,90,11.41
187,Luderitz,NA,2020-05-08 18:58:58,-26.65,15.16,53.6,100,0,10.29
188,Lavrentiya,RU,2020-05-08 18:58:58,65.58,-171.0,33.42,90,100,12.86
189,Vila Franca Do Campo,PT,2020-05-08 18:58:59,37.72,-25.43,62.6,67,40,17.22
190,Boa Vista,BR,2020-05-08 18:58:42,2.82,-60.67,86.0,62,75,9.17
191,Bethel,US,2020-05-08 18:58:59,41.37,-73.41,50.0,49,90,11.41
192,Nanortalik,GL,2020-05-08 18:58:59,60.14,-45.24,40.95,74,79,5.32
193,East London,ZA,2020-05-08 18:58:59,-33.02,27.91,69.71,80,69,6.82
194,Camacha,PT,2020-05-08 18:58:59,33.08,-16.33,68.0,72,20,8.05
195,Pemba,MZ,2020-05-08 18:58:59,-12.97,40.52,77.9,80,0,18.07
196,Zlobin,HR,2020-05-08 18:58:59,45.29,14.65,64.99,63,85,0.94
197,Tuljapur,IN,2020-05-08 18:58:59,18.0,76.08,87.98,34,0,7.92
198,Bandarbeyla,SO,2020-05-08 18:58:59,9.49,50.81,83.28,72,0,10.13
199,Singapore,SG,2020-05-08 18:57:52,1.29,103.85,84.2,83,75,3.36
200,Muros,ES,2020-05-08 18:59:00,42.78,-9.06,66.0,84,99,5.01
201,Eyrarbakki,IS,2020-05-08 18:59:00,63.86,-21.15,48.99,28,20,14.99
202,Ust-Maya,RU,2020-05-08 18:59:00,60.42,134.53,33.3,96,100,3.8
203,Nianzishan,CN,2020-05-08 18:59:00,47.52,122.88,54.86,38,100,2.37
204,Klaksvik,FO,2020-05-08 18:59:00,62.23,-6.59,41.0,56,1,14.99
205,Kiama,AU,2020-05-08 18:59:00,-34.68,150.87,72.0,44,0,14.0
206,Mizan Teferi,ET,2020-05-08 18:59:00,6.98,35.58,64.22,92,100,1.95
207,Severo-Kurilsk,RU,2020-05-08 18:59:00,50.68,156.12,33.13,92,55,13.51
208,Tiksi,RU,2020-05-08 18:59:00,71.69,128.87,14.85,96,100,17.9
209,Freeport,US,2020-05-08 18:59:00,40.66,-73.58,52.0,53,90,5.82
210,Qaanaaq,GL,2020-05-08 18:59:01,77.48,-69.36,16.93,88,78,3.18
211,Salalah,OM,2020-05-08 18:59:01,17.02,54.09,84.2,89,20,3.36
212,Hastings,GB,2020-05-08 18:59:01,50.86,0.57,63.0,56,2,7.58
213,Cacoal,BR,2020-05-08 18:54:31,-11.44,-61.45,79.54,71,70,2.75
214,Ahipara,NZ,2020-05-08 18:59:01,-35.17,173.17,54.97,84,60,5.84
215,Dhemaji,IN,2020-05-08 18:59:01,27.48,94.58,70.72,76,48,1.39
216,Ilulissat,GL,2020-05-08 18:59:01,69.22,-51.1,32.0,83,5,9.17
217,Lang Son,VN,2020-05-08 18:59:01,21.83,106.73,78.35,87,99,5.32
218,Lamu,KE,2020-05-08 18:59:01,-2.27,40.9,80.64,82,100,18.77
219,High Level,CA,2020-05-08 18:59:01,58.52,-117.14,60.8,44,75,6.93
220,Lompoc,US,2020-05-08 18:59:02,34.64,-120.46,84.0,49,1,3.36
221,Hearst,CA,2020-05-08 18:59:02,49.68,-83.67,34.05,81,100,9.78
222,Churapcha,RU,2020-05-08 18:59:02,62.0,132.43,28.99,97,90,4.99
223,Pilar,BR,2020-05-08 18:59:02,-9.6,-35.96,86.0,58,40,6.93
224,Yelizovo,RU,2020-05-08 18:59:02,53.19,158.38,35.6,64,51,8.95
225,Sur,OM,2020-05-08 18:59:02,22.57,59.53,90.88,43,0,9.42
226,Banda Aceh,ID,2020-05-08 18:59:02,5.56,95.32,79.07,85,100,4.07
227,Pionerskiy,RU,2020-05-08 18:59:02,54.95,20.23,48.2,76,0,6.71
228,Peniche,PT,2020-05-08 18:59:02,39.36,-9.38,64.0,72,70,5.01
229,Sawakin,SD,2020-05-08 18:59:03,19.11,37.33,81.18,72,71,5.91
230,Hay River,CA,2020-05-08 18:57:18,60.82,-115.8,41.0,65,20,13.87
231,Talnakh,RU,2020-05-08 18:59:03,69.49,88.4,35.6,93,75,20.13
232,Kruisfontein,ZA,2020-05-08 18:59:03,-34.0,24.73,58.15,97,0,2.84
233,Wellington,NZ,2020-05-08 18:57:53,-41.29,174.78,53.01,93,81,4.7
234,Agadez,NE,2020-05-08 18:59:03,19.75,10.25,79.86,12,0,1.36
235,Belen,TR,2020-05-08 18:59:03,36.49,36.22,71.6,53,75,6.93
236,Pacifica,US,2020-05-08 18:56:48,37.61,-122.49,73.99,82,1,8.05
237,Boyolangu,ID,2020-05-08 18:59:03,-8.12,111.89,77.07,89,100,1.41
238,Rangapara,IN,2020-05-08 18:59:03,26.82,92.65,72.3,61,0,6.71
239,Khatanga,RU,2020-05-08 18:55:29,71.97,102.5,19.85,93,100,19.82
240,Kuytun,RU,2020-05-08 18:59:03,54.34,101.5,37.6,92,100,9.64
241,Ballina,AU,2020-05-08 18:59:04,-28.87,153.57,61.0,93,75,4.7
242,Auki,SB,2020-05-08 18:59:04,-8.77,160.7,78.67,86,25,3.18
243,Antofagasta,CL,2020-05-08 18:59:04,-23.65,-70.4,64.4,72,3,8.05
244,Kodiak,US,2020-05-08 18:58:31,57.79,-152.41,44.6,87,90,16.11
245,Mogok,MM,2020-05-08 18:59:04,22.92,96.5,66.09,54,0,1.72
246,Saint George,US,2020-05-08 18:57:54,37.1,-113.58,79.0,10,1,6.93
247,Mubi,NG,2020-05-08 18:59:04,10.27,13.26,85.77,45,0,4.74
248,Bayir,TR,2020-05-08 18:59:04,37.27,28.22,69.8,32,0,8.05
249,Chimbote,PE,2020-05-08 18:59:04,-9.09,-78.58,74.52,70,7,11.52
250,Petropavlovsk-Kamchatskiy,RU,2020-05-08 18:59:04,53.05,158.65,35.6,64,86,8.95
251,Derzhavinsk,KZ,2020-05-08 18:59:04,51.1,66.32,64.04,45,3,18.28
252,Marawi,PH,2020-05-08 18:59:04,8.0,124.29,80.01,84,46,1.99
253,Kismayo,SO,2020-05-08 18:59:05,-0.36,42.55,80.87,84,100,13.31
254,Kenai,US,2020-05-08 18:59:05,60.55,-151.26,53.6,46,1,14.99
255,Port Blair,IN,2020-05-08 18:59:05,11.67,92.75,84.02,76,100,3.78
256,The Valley,AI,2020-05-08 18:59:05,18.22,-63.06,87.8,66,40,14.99
257,Gizo,SB,2020-05-08 18:59:05,-8.1,156.84,82.2,77,8,6.35
258,Praia Da Vitoria,PT,2020-05-08 18:59:05,38.73,-27.07,68.0,56,40,20.87
259,Saurimo,AO,2020-05-08 18:54:06,-9.66,20.39,69.48,72,1,3.91
260,Katsuura,JP,2020-05-08 18:59:05,35.13,140.3,63.0,67,75,13.87
261,Karratha,AU,2020-05-08 18:59:05,-20.74,116.85,75.36,61,47,5.21
262,Jadu,LY,2020-05-08 18:59:05,31.95,12.03,77.45,25,58,25.34
263,Hamilton,US,2020-05-08 18:59:05,39.18,-84.53,50.0,76,90,4.7
264,Kloulklubed,PW,2020-05-08 18:59:05,7.04,134.26,80.6,83,75,13.87
265,Emerald,AU,2020-05-08 18:59:06,-23.53,148.17,59.0,93,40,4.7
266,Tomatlan,MX,2020-05-08 18:59:06,19.93,-105.25,94.08,35,0,10.42
267,Aripuana,BR,2020-05-08 18:59:06,-9.17,-60.63,86.14,57,83,3.04
268,Turukhansk,RU,2020-05-08 18:59:06,65.82,87.98,41.97,96,100,12.21
269,Rio Grande City,US,2020-05-08 18:59:06,26.38,-98.82,95.0,47,100,5.01
270,Henties Bay,NA,2020-05-08 18:59:06,-22.12,14.28,68.99,51,0,7.52
271,Hofn,IS,2020-05-08 18:59:06,64.25,-15.21,41.0,41,40,17.22
272,Mogwase,ZA,2020-05-08 18:59:06,-25.18,27.27,63.93,43,2,2.06
273,Solhan,TR,2020-05-08 18:59:06,38.96,41.03,50.76,74,90,5.79
274,Geraldton,AU,2020-05-08 18:59:06,-28.77,114.6,51.8,76,0,9.17
275,Arlit,NE,2020-05-08 18:59:06,18.74,7.39,93.33,9,0,8.95
276,Bilibino,RU,2020-05-08 18:59:07,68.05,166.44,24.13,92,0,3.4
277,Colquechaca,BO,2020-05-08 18:59:07,-18.67,-66.02,47.41,50,0,5.44
278,La Ronge,CA,2020-05-08 18:59:07,55.1,-105.28,41.0,48,90,4.7
279,Bakau,GM,2020-05-08 18:59:07,13.48,-16.68,78.8,69,87,16.11
280,General Roca,AR,2020-05-08 18:59:07,-39.03,-67.58,68.0,37,100,2.24
281,Vredendal,ZA,2020-05-08 18:59:07,-31.67,18.5,67.73,37,0,5.26
282,Yermekeyevo,RU,2020-05-08 18:59:07,54.08,53.67,59.63,46,52,5.82
283,Yerbogachen,RU,2020-05-08 18:59:07,61.28,108.01,28.54,84,0,2.35
284,San Vicente De Canete,PE,2020-05-08 18:59:07,-13.08,-76.38,72.79,68,98,7.74
285,Ampanihy,MG,2020-05-08 18:59:07,-24.7,44.75,64.49,84,27,10.56
286,Palmer,US,2020-05-08 18:59:07,42.16,-72.33,55.4,20,90,12.75
287,Cabungan,PH,2020-05-08 18:59:07,16.34,120.0,84.45,77,67,5.48
288,Saint-Augustin,CA,2020-05-08 18:59:07,51.23,-58.65,35.02,98,100,3.0
289,Balkanabat,TM,2020-05-08 18:59:08,39.51,54.37,62.11,77,44,9.51
290,Det Udom,TH,2020-05-08 18:59:08,14.91,105.08,87.8,74,100,3.36
291,Alekseyevsk,RU,2020-05-08 18:59:08,57.84,108.35,31.24,82,0,1.81
292,Iqaluit,CA,2020-05-08 18:59:08,63.75,-68.51,33.8,47,75,11.41
293,Cap Malheureux,MU,2020-05-08 18:59:08,-19.98,57.61,73.4,94,20,4.7
294,Manaus,BR,2020-05-08 18:59:08,-3.1,-60.02,86.0,79,75,4.7
295,Meulaboh,ID,2020-05-08 18:59:08,4.14,96.13,75.2,93,100,3.65
296,Alice Springs,AU,2020-05-08 18:59:08,-23.7,133.88,60.8,34,0,8.05
297,Mont-Dore,NC,2020-05-08 18:59:08,-22.28,166.58,66.2,93,40,4.7
298,Port Hedland,AU,2020-05-08 18:59:08,-20.32,118.57,71.6,78,20,10.29
299,Bembereke,BJ,2020-05-08 18:59:09,10.23,2.66,85.96,48,64,4.9
300,Dubai,AE,2020-05-08 18:59:09,25.26,55.3,84.2,51,13,8.05
301,Brae,GB,2020-05-08 18:59:09,60.4,-1.35,48.2,87,99,12.75
302,Port Moresby,PG,2020-05-08 18:57:31,-9.44,147.18,75.45,89,32,6.33
303,Arteaga,MX,2020-05-08 18:59:09,18.47,-102.42,94.96,20,23,4.12
304,Porto Velho,BR,2020-05-08 18:58:42,-8.76,-63.9,78.8,69,40,4.7
305,Kyren,RU,2020-05-08 18:59:09,51.68,102.14,34.39,86,38,1.66
306,Atar,MR,2020-05-08 18:59:09,20.52,-13.05,105.8,19,0,9.17
307,Izhma,RU,2020-05-08 18:59:09,65.01,53.91,38.43,90,100,2.84
308,Lata,PT,2020-05-08 18:59:09,40.16,-8.33,64.0,76,66,1.99
309,Asau,RO,2020-05-08 18:59:09,46.43,26.4,48.99,70,65,0.81
310,Uige,AO,2020-05-08 18:59:10,-7.61,15.06,71.37,72,0,4.0
311,Lorengau,PG,2020-05-08 18:59:10,-2.02,147.27,81.5,79,99,3.13
312,Payo,ID,2020-05-08 18:59:10,-3.75,103.64,74.35,95,100,1.81
313,Bamnet Narong,TH,2020-05-08 18:59:10,15.5,101.69,84.52,65,81,7.31
314,Sao Joao Da Barra,BR,2020-05-08 18:59:10,-21.64,-41.05,77.0,53,20,11.41
315,Luena,AO,2020-05-08 18:59:10,-11.78,19.92,66.04,68,41,4.68
316,Nelson Bay,AU,2020-05-08 18:59:10,-32.72,152.15,62.01,93,0,1.12
317,Camopi,GF,2020-05-08 18:59:10,3.17,-52.32,79.29,94,100,5.7
318,Suihua,CN,2020-05-08 18:59:10,46.64,127.0,53.92,69,100,8.03
319,Dillon,US,2020-05-08 18:59:10,34.42,-79.37,72.0,37,40,13.87
320,San Juan,AR,2020-05-08 18:58:23,-31.54,-68.54,74.77,24,98,5.14
321,Thinadhoo,MV,2020-05-08 18:59:10,0.53,72.93,85.24,77,11,16.89
322,Hohhot,CN,2020-05-08 18:59:10,40.81,111.65,51.8,81,20,2.24
323,Ratnagiri,IN,2020-05-08 18:59:11,16.98,73.3,80.53,83,0,6.49
324,Nouadhibou,MR,2020-05-08 18:59:11,20.93,-17.03,71.6,68,0,23.04
325,Iquique,CL,2020-05-08 18:59:11,-20.22,-70.14,69.8,68,21,17.22
326,Moron,AR,2020-05-08 18:59:11,-34.65,-58.62,66.99,45,41,11.41
327,Nishihara,JP,2020-05-08 18:59:11,26.18,127.76,73.4,94,90,10.29
328,Gesves,BE,2020-05-08 18:59:11,50.4,5.07,66.0,48,99,5.82
329,Arraial Do Cabo,BR,2020-05-08 18:59:11,-22.97,-42.03,73.4,69,75,9.17
330,Constitucion,CL,2020-05-08 18:59:11,-35.33,-72.42,64.29,63,100,6.38
331,Balingasay,PH,2020-05-08 18:59:11,16.36,119.86,84.47,77,81,6.69
332,Hobyo,SO,2020-05-08 18:59:11,5.35,48.53,85.17,72,0,11.1
333,Port-Cartier,CA,2020-05-08 18:59:11,50.03,-66.87,53.6,30,75,6.93
334,Codrington,AU,2020-05-08 18:59:12,-38.27,141.97,51.28,86,100,10.98
335,Port Lincoln,AU,2020-05-08 18:59:12,-34.73,135.87,53.26,64,0,23.31
336,Northam,GB,2020-05-08 18:59:12,51.03,-4.22,64.99,67,0,5.39
337,Yumen,CN,2020-05-08 18:59:12,40.28,97.2,51.94,31,0,6.98
338,Christchurch,NZ,2020-05-08 18:59:12,-43.53,172.63,54.0,100,70,3.36
339,Diban,SY,2020-05-08 18:59:12,35.04,40.52,79.95,25,1,15.52
340,Sakakah,SA,2020-05-08 18:59:12,29.97,40.21,89.6,17,84,20.8
341,Kota Tinggi,MY,2020-05-08 18:59:12,1.74,103.9,82.0,88,20,1.12
342,Vanimo,PG,2020-05-08 18:59:12,-2.67,141.3,78.76,83,100,2.8
343,Creston,US,2020-05-08 18:59:12,41.06,-94.36,51.8,37,1,21.92
344,Barrow,US,2020-05-08 18:59:08,71.29,-156.79,17.6,92,90,13.87
345,Aswan,EG,2020-05-08 18:59:13,24.09,32.91,84.72,12,94,13.04
346,Sayaxche,GT,2020-05-08 18:59:13,16.52,-90.17,91.53,49,80,4.16
347,Theunissen,ZA,2020-05-08 18:59:13,-28.41,26.7,53.49,39,31,3.71
348,Kendari,ID,2020-05-08 18:55:17,-3.94,122.5,76.44,93,100,2.28
349,Puerto Escondido,MX,2020-05-08 18:59:13,15.85,-97.07,86.0,70,5,6.93
350,Youghal,IE,2020-05-08 18:59:13,51.95,-7.85,57.0,87,20,6.93
351,Leningradskiy,RU,2020-05-08 18:59:13,69.38,178.42,28.42,91,25,5.44
352,Solnechnyy,RU,2020-05-08 18:59:13,50.72,136.63,36.79,81,0,3.96
353,Namie,JP,2020-05-08 18:59:13,37.48,141.0,54.0,71,100,6.8
354,Lima,PE,2020-05-08 18:59:13,-12.04,-77.03,73.4,69,86,12.75
355,Bengkulu,ID,2020-05-08 18:59:13,-3.8,102.27,77.52,83,100,4.43
356,Sosnovka,RU,2020-05-08 18:59:14,56.26,51.28,59.59,62,0,6.58
357,Pangnirtung,CA,2020-05-08 18:59:14,66.15,-65.71,23.0,85,90,5.82
358,Ojinaga,MX,2020-05-08 18:59:14,29.57,-104.42,80.6,15,1,14.99
359,Byron Bay,AU,2020-05-08 18:57:04,-28.65,153.62,61.0,93,75,4.7
360,Igarka,RU,2020-05-08 18:59:14,67.47,86.58,37.99,99,100,7.99
361,Shitkino,RU,2020-05-08 18:59:14,56.37,98.35,38.01,91,21,4.12
362,Dingle,PH,2020-05-08 18:55:15,11.0,122.67,78.82,81,87,5.77
363,Ndago,TZ,2020-05-08 18:59:14,-4.6,34.35,63.57,86,4,6.73
364,Russell,US,2020-05-08 18:59:14,32.35,-85.2,71.6,40,75,3.36
365,Ontario,US,2020-05-08 18:59:14,34.06,-117.65,89.01,23,20,3.36
366,Nome,US,2020-05-08 18:59:14,64.5,-165.41,50.0,43,1,16.11
367,Bosaso,SO,2020-05-08 18:59:14,11.28,49.18,87.21,67,10,1.97
368,Bonthe,SL,2020-05-08 18:59:15,7.53,-12.51,82.69,83,49,9.01
369,Glyadyanskoye,RU,2020-05-08 18:59:15,54.91,65.09,61.48,44,0,9.28
370,Sitka,US,2020-05-08 18:59:15,57.05,-135.33,55.4,47,75,6.93
371,Temir,KZ,2020-05-08 18:59:15,49.14,57.13,62.44,48,0,12.21
372,Anchorage,US,2020-05-08 18:58:53,61.22,-149.9,46.99,56,90,4.7
373,Baykit,RU,2020-05-08 18:59:15,61.67,96.37,37.06,80,99,3.4
374,Panguipulli,CL,2020-05-08 18:59:15,-39.63,-72.33,63.0,93,90,9.17
375,Anadyr,RU,2020-05-08 18:59:15,64.75,177.48,37.4,74,100,40.26
376,Peto,MX,2020-05-08 18:59:15,20.13,-88.92,96.84,36,51,5.99
377,Yatou,CN,2020-05-08 18:59:15,37.15,122.38,56.17,98,100,8.05
378,Buctzotz,MX,2020-05-08 18:59:15,21.2,-88.78,97.57,30,94,7.16
379,Sao Filipe,CV,2020-05-08 18:59:16,14.9,-24.5,75.88,69,1,11.12
380,Georgetown,MY,2020-05-08 18:59:16,5.41,100.34,80.6,94,40,4.7
381,Namatanai,PG,2020-05-08 18:59:16,-3.67,152.43,79.61,77,0,3.96
382,Dhoraji,IN,2020-05-08 18:59:16,21.73,70.45,77.95,90,0,6.26
383,Tuatapere,NZ,2020-05-08 18:59:16,-46.13,167.68,48.45,85,37,6.71
384,San Patricio,MX,2020-05-08 18:59:16,19.22,-104.7,80.6,74,20,11.41
385,Kongolo,CD,2020-05-08 18:59:16,-5.38,27.0,73.69,88,15,4.34
386,Kawalu,ID,2020-05-08 18:59:16,-7.38,108.21,73.54,91,96,2.17
387,Ixtapa,MX,2020-05-08 18:57:27,20.7,-105.2,84.2,66,20,12.75
388,Srivardhan,IN,2020-05-08 18:59:16,18.03,73.02,79.9,82,0,1.92
389,Loandjili,CG,2020-05-08 18:59:16,-4.76,11.86,80.24,89,94,5.66
390,Gobabis,NA,2020-05-08 18:59:17,-22.45,18.97,64.4,45,0,2.24
391,Dwarka,IN,2020-05-08 18:59:17,22.24,68.97,82.17,86,0,15.95
392,Barcelona,ES,2020-05-08 18:58:56,41.39,2.16,69.8,77,20,10.29
393,Kimbe,PG,2020-05-08 18:59:17,-5.55,150.14,76.39,89,73,3.29
394,Oranjemund,NA,2020-05-08 18:59:17,-28.55,16.43,61.02,74,0,6.38
395,Husavik,IS,2020-05-08 18:59:17,66.04,-17.34,37.4,51,40,12.75
396,Aras,ES,2020-05-08 18:59:17,42.56,-2.36,73.4,46,17,2.24
397,North Myrtle Beach,US,2020-05-08 18:59:17,33.82,-78.68,73.0,43,75,16.11
398,Hami,CN,2020-05-08 18:59:17,42.8,93.45,59.02,27,0,4.05
399,Svetlyy,RU,2020-05-08 18:59:17,54.67,20.13,48.2,76,0,6.71
400,Yuncheng,CN,2020-05-08 18:59:17,35.02,110.99,62.37,75,100,14.23
401,Galbshtadt,RU,2020-05-08 18:59:18,53.23,78.98,55.85,56,0,9.95
402,Iranshahr,IR,2020-05-08 18:59:18,27.2,60.68,87.8,14,0,2.39
403,Dakar,SN,2020-05-08 18:59:00,14.69,-17.44,75.2,73,9,18.34
404,Dongli,CN,2020-05-08 18:59:18,23.57,116.82,82.4,83,75,4.47
405,Kuching,MY,2020-05-08 18:59:18,1.55,110.33,78.8,94,20,2.24
406,Mahendragarh,IN,2020-05-08 18:59:18,28.28,76.15,91.0,20,0,5.91
407,Barra Do Garcas,BR,2020-05-08 18:59:18,-15.89,-52.26,84.2,48,20,2.24
408,Beringovskiy,RU,2020-05-08 18:59:18,63.05,179.32,31.53,99,100,8.41
409,North Platte,US,2020-05-08 18:59:18,41.12,-100.77,57.0,35,1,3.36
410,Tigil,RU,2020-05-08 18:59:18,57.8,158.67,31.93,93,0,6.04
411,Coahuayana,MX,2020-05-08 18:59:18,18.73,-103.68,87.8,38,20,8.05
412,Nicoya,CR,2020-05-08 18:59:18,10.15,-85.45,95.0,47,75,25.28
413,Avera,US,2020-05-08 18:59:19,33.19,-82.53,68.0,45,1,10.29
414,Rocha,UY,2020-05-08 18:59:19,-34.48,-54.33,62.13,61,0,7.56
415,Praia,CV,2020-05-08 18:59:19,14.92,-23.51,77.0,61,40,21.92
416,Denpasar,ID,2020-05-08 18:59:19,-8.65,115.22,78.8,100,40,5.82
417,Kulhudhuffushi,MV,2020-05-08 18:59:19,6.62,73.07,84.81,73,97,4.61
418,Reforma,MX,2020-05-08 18:59:19,18.1,-91.02,96.22,39,19,8.95
419,Skjervoy,NO,2020-05-08 18:59:19,70.03,20.97,35.6,64,75,8.05
420,Kilindoni,TZ,2020-05-08 18:59:19,-7.91,39.67,82.49,72,82,17.87
421,Miramar,US,2020-05-08 18:59:19,25.99,-80.23,84.99,42,40,9.17
422,Karasjok,NO,2020-05-08 18:59:19,69.47,25.51,35.6,59,100,8.05
423,Miyako,JP,2020-05-08 18:59:20,39.64,141.95,53.2,60,100,5.21
424,Dalby,AU,2020-05-08 18:59:20,-27.18,151.27,55.0,88,76,5.7
425,Neiafu,TO,2020-05-08 18:59:20,-18.65,-173.98,78.8,83,75,8.05
426,Skibbereen,IE,2020-05-08 18:59:20,51.55,-9.27,55.4,87,20,6.93
427,Nemuro,JP,2020-05-08 18:59:20,43.32,145.57,49.46,55,100,17.34
428,Berdigestyakh,RU,2020-05-08 18:59:20,62.1,126.7,23.99,96,100,8.61
429,Adrar,MR,2020-05-08 18:59:21,20.5,-10.07,97.21,13,0,5.5
430,Chalus,IR,2020-05-08 18:58:10,36.66,51.42,66.2,82,0,2.24
431,Zanjan,IR,2020-05-08 18:59:21,36.67,48.48,57.22,46,0,3.58
432,Krasnoyarka,RU,2020-05-08 18:59:21,55.33,73.12,57.2,47,0,4.65
433,Tevriz,RU,2020-05-08 18:59:21,57.51,72.4,58.64,54,94,3.91
434,Palm Coast,US,2020-05-08 18:59:21,29.59,-81.21,81.0,31,1,13.87
435,Klyuchi,RU,2020-05-08 18:59:21,52.27,79.17,56.26,47,0,10.92
436,Shenkursk,RU,2020-05-08 18:59:21,62.11,42.9,41.76,92,37,4.03
437,Sola,VU,2020-05-08 18:59:21,-13.88,167.55,73.4,94,20,10.67
438,Buraydah,SA,2020-05-08 18:54:58,26.33,43.98,89.6,29,40,13.87
439,Carnarvon,AU,2020-05-08 18:59:21,-24.87,113.63,67.55,44,97,20.42
440,Balikpapan,ID,2020-05-08 18:59:22,-1.27,116.83,77.34,91,62,3.24
441,Mariental,NA,2020-05-08 18:59:22,-24.63,17.97,72.88,21,0,9.84
442,Chimala,TZ,2020-05-08 18:59:22,-8.85,34.02,66.49,71,84,3.6
443,Moscow,RU,2020-05-08 18:57:46,55.75,37.62,53.01,93,75,4.47
444,Pacific Grove,US,2020-05-08 18:58:25,36.62,-121.92,68.0,60,1,6.93
445,Rurrenabaque,BO,2020-05-08 18:59:22,-14.44,-67.53,78.8,54,75,10.29
446,Pangkalanbuun,ID,2020-05-08 18:59:22,-2.68,111.62,76.5,95,100,0.98
447,Pandan,PH,2020-05-08 18:59:22,14.05,124.17,79.43,80,100,5.21
448,Richards Bay,ZA,2020-05-08 18:59:22,-28.78,32.04,67.69,84,19,6.96
449,Kailua,US,2020-05-08 18:58:18,21.4,-157.74,78.8,54,20,13.87
450,King City,US,2020-05-08 18:59:22,36.21,-121.13,87.01,13,58,5.01
451,Maldonado,UY,2020-05-08 18:59:22,-34.67,-54.92,66.2,52,0,13.87
452,Takoradi,GH,2020-05-08 18:59:23,4.88,-1.76,82.38,82,100,9.53
453,Shache,CN,2020-05-08 18:59:23,38.42,77.24,62.74,48,32,2.59
454,Hauterive,FR,2020-05-08 18:59:23,46.09,3.45,73.4,49,71,12.75
455,Uruzgan,AF,2020-05-08 18:59:23,32.83,66.0,67.19,27,0,3.38
456,Marapanim,BR,2020-05-08 18:59:23,-0.72,-47.7,81.66,89,100,3.83
457,Ostersund,SE,2020-05-08 18:59:23,63.18,14.64,39.2,60,8,11.41
458,Tazmalt,DZ,2020-05-08 18:59:23,36.39,4.4,71.6,78,34,3.36
459,Ostrovnoy,RU,2020-05-08 18:59:23,68.05,39.51,33.62,92,98,8.08
460,Guelph,CA,2020-05-08 18:57:12,43.55,-80.25,42.01,40,90,16.11
461,Jalu,LY,2020-05-08 18:59:23,29.03,21.55,75.43,19,0,13.31
462,Kemin,KG,2020-05-08 18:59:24,42.78,75.69,58.51,58,100,11.68
463,Merauke,ID,2020-05-08 18:54:27,-8.47,140.33,77.81,83,100,11.59
464,Fougamou,GA,2020-05-08 18:59:24,-1.22,10.58,77.43,91,100,2.62
465,Na Wa,TH,2020-05-08 18:59:24,17.49,104.1,85.41,62,70,4.0
466,Zavallya,UA,2020-05-08 18:59:24,48.21,30.02,47.79,71,74,5.79
467,Walvis Bay,NA,2020-05-08 18:59:24,-22.96,14.51,74.52,35,0,10.54
468,Arman,RU,2020-05-08 18:59:24,59.7,150.17,34.18,87,33,2.89
469,Omboue,GA,2020-05-08 18:59:24,-1.57,9.26,80.13,86,100,4.9
470,San Policarpo,PH,2020-05-08 18:59:24,12.18,125.51,80.74,78,100,5.23
471,Uddevalla,SE,2020-05-08 18:59:25,58.35,11.94,52.0,73,1,1.01
472,Sfantu Gheorghe,RO,2020-05-08 18:59:25,45.87,25.78,51.01,63,96,2.66
473,Krapkowice,PL,2020-05-08 18:59:25,50.48,17.97,59.0,51,65,1.01
474,Hualmay,PE,2020-05-08 18:59:25,-11.1,-77.61,73.67,68,5,11.45
475,Portland,US,2020-05-08 18:59:05,45.52,-122.68,75.99,25,1,25.28
476,Berlevag,NO,2020-05-08 18:59:25,70.86,29.09,35.6,59,40,14.99
477,Razole,IN,2020-05-08 18:59:25,16.48,81.83,83.26,82,59,6.11
478,Buala,SB,2020-05-08 18:59:25,-8.14,159.59,80.87,81,0,5.35
479,Moreira Sales,BR,2020-05-08 18:59:25,-24.06,-53.01,70.45,33,0,5.28
480,Conde,BR,2020-05-08 18:55:29,-7.26,-34.91,86.0,66,75,13.87
481,Sisimiut,GL,2020-05-08 18:59:25,66.94,-53.67,40.41,63,100,4.61
482,Dunedin,NZ,2020-05-08 18:59:26,-45.87,170.5,51.01,87,0,1.99
483,Waipawa,NZ,2020-05-08 18:59:26,-41.41,175.52,52.0,93,25,4.7
484,Mocajuba,BR,2020-05-08 18:59:26,-2.58,-49.51,87.89,65,96,2.68
485,Porto Murtinho,BR,2020-05-08 18:59:26,-21.7,-57.88,81.63,17,0,2.28
486,Lasa,IT,2020-05-08 18:59:26,46.62,10.7,73.4,38,100,9.17
487,Galesong,ID,2020-05-08 18:59:26,-5.32,119.37,75.2,100,3,1.12
488,Rapid Valley,US,2020-05-08 18:59:26,44.06,-103.15,57.99,37,1,3.36
489,Tengzhou,CN,2020-05-08 18:59:26,35.08,117.15,52.52,90,25,12.03
490,Ust-Nera,RU,2020-05-08 18:59:26,64.57,143.2,26.49,93,100,2.59
491,Batemans Bay,AU,2020-05-08 18:59:26,-35.72,150.18,57.99,83,79,5.7
492,Jackson,US,2020-05-08 18:55:31,42.42,-122.83,75.0,32,1,3.36
493,Sorland,NO,2020-05-08 18:59:27,67.67,12.69,35.6,64,40,10.29
494,College,US,2020-05-08 18:59:27,64.86,-147.8,59.0,33,90,11.41
495,Faya,SA,2020-05-08 18:59:27,18.39,42.45,69.8,88,13,5.82
496,Kiruna,SE,2020-05-08 18:55:16,67.86,20.23,33.8,59,100,6.93
497,Progreso,MX,2020-05-08 18:59:27,21.28,-89.67,97.0,38,40,12.75
498,Bodden Town,KY,2020-05-08 18:59:27,19.28,-81.25,87.8,79,40,12.75
499,Neuquen,AR,2020-05-08 18:59:22,-38.95,-68.06,68.0,37,100,2.24
500,San Quintin,MX,2020-05-08 18:59:27,30.48,-115.95,74.64,47,0,10.0
501,Boromo,BF,2020-05-08 18:59:27,11.75,-2.93,99.68,20,92,4.83
502,Jiangyou,CN,2020-05-08 18:59:27,31.77,104.72,65.73,65,100,7.96
503,Soverato,IT,2020-05-08 18:59:28,38.69,16.55,60.8,82,45,4.7
504,Hambantota,LK,2020-05-08 18:59:28,6.12,81.12,78.8,100,75,2.24
505,Saldanha,ZA,2020-05-08 18:59:28,-33.01,17.94,62.6,67,0,5.82
506,Tromso,NO,2020-05-08 18:55:17,69.65,18.96,32.0,93,75,8.05
507,Vestmanna,FO,2020-05-08 18:59:28,62.16,-7.17,41.0,56,8,14.99
508,Mehamn,NO,2020-05-08 18:59:28,71.04,27.85,35.6,59,40,14.99
509,Uruacu,BR,2020-05-08 18:59:28,-14.52,-49.14,81.48,68,8,5.17
510,Port Augusta,AU,2020-05-08 18:59:28,-32.5,137.77,57.2,76,98,14.99
511,Male,MV,2020-05-08 18:59:28,4.17,73.51,86.0,79,75,9.17
512,Benguela,AO,2020-05-08 18:59:28,-12.58,13.41,78.58,78,0,0.76
513,Huangmei,CN,2020-05-08 18:59:28,30.19,116.03,68.79,86,98,1.43
514,Chiredzi,ZW,2020-05-08 18:59:29,-21.05,31.67,64.33,60,0,4.85
515,Karpathos,GR,2020-05-08 18:59:29,35.51,27.21,64.4,77,20,26.4
516,Comodoro Rivadavia,AR,2020-05-08 18:59:29,-45.87,-67.5,60.8,87,100,3.36
517,Bowen,AU,2020-05-08 18:59:29,-20.02,148.23,68.0,93,4,4.7
518,Kolokani,ML,2020-05-08 18:59:29,13.57,-8.03,99.03,16,96,3.69
519,La Plata,AR,2020-05-08 18:59:29,-34.92,-57.95,66.0,52,100,5.01
520,Blythe,US,2020-05-08 18:58:27,33.61,-114.6,95.0,10,1,9.17
521,Bintulu,MY,2020-05-08 18:59:29,3.17,113.03,77.0,100,90,1.12
522,Shiyan,CN,2020-05-08 18:59:29,32.65,110.78,65.19,83,64,6.29
523,Olafsvik,IS,2020-05-08 18:59:29,64.89,-23.71,38.64,68,0,9.86
524,Mwinilunga,ZM,2020-05-08 18:59:30,-11.74,24.43,62.89,78,0,4.23
525,Acopiara,BR,2020-05-08 18:59:30,-6.1,-39.45,83.97,73,3,2.3
526,Sedalia,US,2020-05-08 18:59:30,38.7,-93.23,57.2,41,1,20.8
527,Hermosillo,MX,2020-05-08 18:58:51,29.07,-110.97,100.4,18,20,14.99
528,Margate,GB,2020-05-08 18:59:30,51.38,1.39,64.0,45,46,6.93
529,Nyzy,UA,2020-05-08 18:59:30,50.78,34.78,46.71,91,15,3.0
530,Dinghai,CN,2020-05-08 18:59:30,26.28,119.79,78.8,88,100,4.47
531,Tres Barras,BR,2020-05-08 18:59:30,-26.11,-50.32,68.11,32,0,2.53
532,Lanxi,CN,2020-05-08 18:59:30,29.22,119.48,74.91,91,31,0.76
533,Madimba,TZ,2020-05-08 18:59:31,-10.4,40.33,77.0,83,100,13.87
534,Gahanna,US,2020-05-08 18:59:31,40.02,-82.88,46.99,65,90,14.99
535,Mayor Pablo Lagerenza,PY,2020-05-08 18:59:31,-19.93,-60.77,76.96,21,0,5.48
536,Sibolga,ID,2020-05-08 18:59:31,1.74,98.78,78.46,82,100,2.37
537,Garmsar,IR,2020-05-08 18:59:31,35.22,52.34,73.98,28,0,7.07
538,Chino Valley,US,2020-05-08 18:58:04,34.76,-112.45,82.99,13,1,3.36
539,Esso,RU,2020-05-08 18:59:31,55.93,158.7,22.87,90,100,4.0
540,Yarega,RU,2020-05-08 18:59:31,63.44,53.58,42.57,91,100,4.45
541,Taloqan,AF,2020-05-08 18:59:31,36.74,69.53,69.71,50,100,14.72
542,Zhigansk,RU,2020-05-08 18:59:31,66.77,123.37,15.98,95,100,16.28
543,Okha,RU,2020-05-08 18:59:31,53.57,142.95,31.98,98,100,9.48
544,Laredo,US,2020-05-08 18:54:32,27.51,-99.51,91.4,46,1,10.29
545,Desnogorsk,RU,2020-05-08 18:59:31,54.15,33.28,44.19,72,87,4.85
546,Kaifeng,CN,2020-05-08 18:59:32,34.79,114.35,57.2,82,75,11.18
547,Maniitsoq,GL,2020-05-08 18:59:32,65.42,-52.9,38.66,75,100,8.19
548,Los Llanos De Aridane,ES,2020-05-08 18:56:46,28.66,-17.92,71.6,68,75,3.36
549,Bogdanci,MK,2020-05-08 18:59:32,41.2,22.58,66.0,69,100,3.4
550,Mayna,RU,2020-05-08 18:59:32,54.11,47.62,58.06,90,96,1.23
551,Kapustin Yar,RU,2020-05-08 18:59:32,48.58,45.74,57.47,76,100,8.57
552,Kurtamysh,RU,2020-05-08 18:59:32,54.91,64.43,59.76,46,0,6.96
553,Yola,NG,2020-05-08 18:59:32,9.2,12.48,93.34,38,78,2.91
554,Jinchang,CN,2020-05-08 18:59:32,38.5,102.17,50.52,38,89,10.58
555,Hervey Bay,AU,2020-05-08 18:59:32,-25.3,152.85,64.0,82,43,4.0
556,Nadym,RU,2020-05-08 18:59:32,65.53,72.52,53.11,84,100,19.93
557,Cockburn Town,TC,2020-05-08 18:58:15,21.46,-71.14,81.1,83,98,11.1
558,Catamarca,AR,2020-05-08 18:59:33,-28.47,-65.79,77.0,56,0,1.01
559,Straumen,NO,2020-05-08 18:59:33,63.87,11.3,42.8,84,75,10.29
560,Poum,NC,2020-05-08 18:59:33,-20.23,164.02,73.53,73,0,10.87
561,Tezu,IN,2020-05-08 18:59:33,27.92,96.17,69.26,52,5,4.18
562,Kieta,PG,2020-05-08 18:59:33,-6.22,155.63,78.69,77,51,3.27
563,San Borja,BO,2020-05-08 18:59:33,-14.82,-66.85,79.54,43,90,2.73
564,Mantua,IT,2020-05-08 18:59:33,45.17,10.78,71.01,59,10,1.99
565,Breves,BR,2020-05-08 18:59:33,-1.68,-50.48,85.37,76,100,3.71
566,Maragogi,BR,2020-05-08 18:59:33,-9.01,-35.22,81.25,74,100,7.0
567,Olinda,BR,2020-05-08 18:59:33,-8.01,-34.86,84.2,70,40,11.41
