City_ID,City,Country,Date,Lat,Lng,Max Temp,Humidity,Cloudiness,Wind Speed,Current Description,Rain (1hr),Snow (1hr)
0,Albany,US,2020-05-11 00:13:00,42.6,-73.97,54.0,51,98,4.94,overcast clouds,0.0,0.0
1,Saint Austell,GB,2020-05-11 00:15:04,50.34,-4.77,46.4,61,84,13.87,broken clouds,0.0,0.0
2,Punta Arenas,CL,2020-05-11 00:15:04,-53.15,-70.92,42.8,87,40,8.05,scattered clouds,0.0,0.0
3,Tasiilaq,GL,2020-05-11 00:15:05,65.61,-37.64,28.4,92,17,11.41,few clouds,0.0,0.0
4,Teguise,ES,2020-05-11 00:15:05,29.06,-13.56,68.0,68,20,12.75,few clouds,0.0,0.0
5,Castro,BR,2020-05-11 00:15:05,-24.79,-50.01,55.17,89,0,4.32,clear sky,0.0,0.0
6,Kodiak,US,2020-05-11 00:15:05,57.79,-152.41,46.4,87,90,4.7,overcast clouds,0.0,0.0
7,Nanortalik,GL,2020-05-11 00:15:05,60.14,-45.24,42.98,80,29,20.11,scattered clouds,0.0,0.0
8,Belmonte,BR,2020-05-11 00:15:05,-15.86,-38.88,69.8,77,20,4.7,few clouds,0.0,0.0
9,Chokurdakh,RU,2020-05-11 00:15:05,70.63,147.92,33.48,100,99,12.93,overcast clouds,0.0,0.0
10,Morro Bay,US,2020-05-11 00:15:05,35.37,-120.85,70.0,77,81,7.0,broken clouds,0.0,0.0
11,Kamaishi,JP,2020-05-11 00:15:05,39.27,141.88,64.4,63,40,10.29,shower rain,0.0,0.0
12,Tarakan,ID,2020-05-11 00:15:05,3.3,117.63,81.46,81,60,6.06,broken clouds,0.0,0.0
13,Kropotkin,RU,2020-05-11 00:15:05,45.44,40.58,50.0,85,66,13.02,broken clouds,0.0,0.0
14,Murwillumbah,AU,2020-05-11 00:15:05,-28.32,153.4,70.0,52,10,13.87,clear sky,0.0,0.0
15,Hermanus,ZA,2020-05-11 00:15:06,-34.42,19.23,54.0,94,0,3.65,clear sky,0.0,0.0
16,Arraial Do Cabo,BR,2020-05-11 00:15:06,-22.97,-42.03,72.32,67,0,21.83,clear sky,0.0,0.0
17,Tiksi,RU,2020-05-11 00:15:06,71.69,128.87,26.19,98,97,8.72,overcast clouds,0.0,0.0
18,Busselton,AU,2020-05-11 00:15:06,-33.65,115.33,52.0,75,66,3.31,broken clouds,0.0,0.0
19,Paracatu,BR,2020-05-11 00:15:06,-17.22,-46.87,61.12,85,17,2.71,few clouds,0.0,0.0
20,Mataura,NZ,2020-05-11 00:15:06,-46.19,168.86,55.67,65,80,1.3,broken clouds,0.0,0.0
21,Vila Do Maio,CV,2020-05-11 00:15:06,15.13,-23.22,71.6,78,20,17.22,few clouds,0.0,0.0
22,Puerto Ayora,EC,2020-05-11 00:15:06,-0.74,-90.35,75.99,93,21,5.99,few clouds,0.0,0.0
23,Vila Velha,BR,2020-05-11 00:11:13,-20.33,-40.29,71.6,78,75,3.36,broken clouds,0.0,0.0
24,Rikitea,PF,2020-05-11 00:15:06,-23.12,-134.97,75.07,80,22,8.68,few clouds,0.0,0.0
25,Severo-Kurilsk,RU,2020-05-11 00:15:06,50.68,156.12,35.29,84,75,2.66,broken clouds,0.0,0.0
26,Stornoway,GB,2020-05-11 00:15:07,58.21,-6.39,37.99,74,73,5.82,broken clouds,0.0,0.0
27,Norman Wells,CA,2020-05-11 00:15:07,65.28,-126.83,59.0,38,40,12.75,scattered clouds,0.0,0.0
28,Port Alfred,ZA,2020-05-11 00:15:07,-33.59,26.89,68.0,47,0,8.21,clear sky,0.0,0.0
29,Walvis Bay,NA,2020-05-11 00:15:07,-22.96,14.51,78.35,25,20,9.89,few clouds,0.0,0.0
30,Luau,AO,2020-05-11 00:15:07,-10.71,22.22,62.74,74,61,3.83,broken clouds,0.0,0.0
31,Paamiut,GL,2020-05-11 00:15:07,61.99,-49.67,43.09,78,79,24.52,broken clouds,0.0,0.0
32,Qaqortoq,GL,2020-05-11 00:15:07,60.72,-46.03,48.2,57,49,4.7,scattered clouds,0.0,0.0
33,Mount Isa,AU,2020-05-11 00:15:07,-20.73,139.5,64.4,25,0,12.75,clear sky,0.0,0.0
34,Cidreira,BR,2020-05-11 00:15:07,-30.18,-50.21,66.61,70,100,11.07,overcast clouds,0.0,0.0
35,Havoysund,NO,2020-05-11 00:15:07,71.0,24.66,28.4,79,14,2.24,few clouds,0.0,0.0
36,Khatanga,RU,2020-05-11 00:15:07,71.97,102.5,29.14,98,93,6.11,overcast clouds,0.0,0.0
37,Carnarvon,AU,2020-05-11 00:15:07,-24.87,113.63,71.83,56,11,5.82,few clouds,0.0,0.0
38,Piacabucu,BR,2020-05-11 00:15:08,-10.41,-36.43,77.16,85,98,6.58,overcast clouds,0.0,0.0
39,Lorengau,PG,2020-05-11 00:15:08,-2.02,147.27,86.47,73,16,8.86,few clouds,0.0,0.0
40,Rio Gallegos,AR,2020-05-11 00:15:08,-51.62,-69.22,44.6,81,75,12.75,light rain,0.0,0.0
41,Bluff,NZ,2020-05-11 00:10:38,-46.6,168.33,53.94,73,99,3.11,overcast clouds,0.0,0.0
42,Jamestown,US,2020-05-11 00:15:08,42.1,-79.24,53.01,50,90,8.05,overcast clouds,0.0,0.0
43,Kapaa,US,2020-05-11 00:15:08,22.08,-159.32,78.8,69,40,17.22,scattered clouds,0.0,0.0
44,Bosilegrad,RS,2020-05-11 00:15:08,42.5,22.47,54.99,79,99,0.63,overcast clouds,0.0,0.0
45,Cherskiy,RU,2020-05-11 00:15:08,68.75,161.3,41.63,66,5,20.02,clear sky,0.0,0.0
46,Bethel,US,2020-05-11 00:15:08,41.37,-73.41,59.0,30,1,10.29,clear sky,0.0,0.0
47,Mar Del Plata,AR,2020-05-11 00:11:38,-38.0,-57.56,59.0,81,30,6.93,scattered clouds,0.0,0.0
48,Samarai,PG,2020-05-11 00:15:09,-10.62,150.67,80.76,80,52,11.7,broken clouds,0.0,0.0
49,Byron Bay,AU,2020-05-11 00:15:09,-28.65,153.62,64.0,51,34,11.41,scattered clouds,0.0,0.0
50,Sangrur,IN,2020-05-11 00:15:09,30.23,75.83,82.31,37,0,7.05,clear sky,0.0,0.0
51,Kruisfontein,ZA,2020-05-11 00:15:09,-34.0,24.73,59.49,52,0,3.62,clear sky,0.0,0.0
52,Torbay,CA,2020-05-11 00:15:09,47.67,-52.73,37.99,80,75,26.4,broken clouds,0.0,0.0
53,Dauphin,CA,2020-05-11 00:15:09,51.15,-100.05,39.2,29,1,20.8,clear sky,0.0,0.0
54,Juba,SS,2020-05-11 00:13:06,4.85,31.58,74.66,83,96,3.91,overcast clouds,0.0,0.0
55,Fond Du Lac,US,2020-05-11 00:15:09,43.77,-88.44,42.8,56,90,13.87,overcast clouds,0.0,0.0
56,Cape Town,ZA,2020-05-11 00:11:19,-33.93,18.42,62.01,93,0,9.17,clear sky,0.0,0.0
57,Ostrovnoy,RU,2020-05-11 00:15:10,68.05,39.51,31.78,96,100,19.57,overcast clouds,0.0,0.0
58,Deputatskiy,RU,2020-05-11 00:15:10,69.3,139.9,27.16,96,96,6.58,overcast clouds,0.0,0.0
59,Broome,US,2020-05-11 00:15:10,42.25,-75.83,53.01,40,90,3.47,overcast clouds,0.0,0.0
60,Escarcega,MX,2020-05-11 00:15:10,18.61,-90.75,82.29,61,28,7.05,scattered clouds,0.0,0.0
61,Suna,RU,2020-05-11 00:15:10,57.83,50.06,47.52,90,3,7.0,clear sky,0.0,0.0
62,Clyde River,CA,2020-05-11 00:15:10,70.47,-68.59,14.0,78,90,2.24,overcast clouds,0.0,0.0
63,Chuy,UY,2020-05-11 00:15:10,-33.7,-53.46,63.57,78,0,8.57,clear sky,0.0,0.0
64,Jamkhed,IN,2020-05-11 00:15:10,18.74,75.31,79.63,45,14,5.14,few clouds,0.0,0.0
65,Hithadhoo,MV,2020-05-11 00:15:10,-0.6,73.08,85.24,77,99,13.02,overcast clouds,0.0,0.0
66,Ushuaia,AR,2020-05-11 00:11:06,-54.8,-68.3,42.8,87,75,11.41,broken clouds,0.0,0.0
67,Moranbah,AU,2020-05-11 00:15:11,-22.0,148.05,67.37,35,36,17.78,scattered clouds,0.0,0.0
68,Okhotsk,RU,2020-05-11 00:15:11,59.38,143.3,43.56,62,86,9.01,overcast clouds,0.0,0.0
69,Amatitan,MX,2020-05-11 00:15:11,20.83,-103.72,84.99,21,0,11.99,clear sky,0.0,0.0
70,Qaanaaq,GL,2020-05-11 00:15:11,77.48,-69.36,8.04,82,0,2.57,clear sky,0.0,0.0
71,Nikolskoye,RU,2020-05-11 00:15:11,59.7,30.79,44.6,52,52,8.95,broken clouds,0.0,0.0
72,Pandan,PH,2020-05-11 00:15:11,14.05,124.17,84.52,74,86,7.36,overcast clouds,0.0,0.0
73,Bengkulu,ID,2020-05-11 00:15:11,-3.8,102.27,76.78,88,91,4.14,overcast clouds,0.0,0.0
74,Saskylakh,RU,2020-05-11 00:15:11,71.92,114.08,20.23,96,67,10.67,broken clouds,0.0,0.0
75,Ilulissat,GL,2020-05-11 00:15:11,69.22,-51.1,32.0,96,100,8.05,overcast clouds,0.0,0.0
76,Kavieng,PG,2020-05-11 00:15:11,-2.57,150.8,86.13,73,30,11.14,scattered clouds,0.0,0.0
77,Tombouctou,ML,2020-05-11 00:15:12,20.0,-3.0,91.29,11,43,9.62,scattered clouds,0.0,0.0
78,Atuona,PF,2020-05-11 00:15:12,-9.8,-139.03,81.19,78,19,13.85,few clouds,0.0,0.0
79,Dikson,RU,2020-05-11 00:15:12,73.51,80.55,21.36,98,1,10.56,clear sky,0.0,0.0
80,Ketchikan,US,2020-05-11 00:15:12,55.34,-131.65,71.6,19,1,18.34,clear sky,0.0,0.0
81,Pingshan,CN,2020-05-11 00:15:12,22.99,114.71,82.45,74,90,0.81,light rain,0.69,0.0
82,Pisco,PE,2020-05-11 00:15:12,-13.7,-76.22,68.0,77,5,16.11,clear sky,0.0,0.0
83,Sinnamary,GF,2020-05-11 00:15:12,5.38,-52.95,78.1,91,98,13.44,light rain,0.19,0.0
84,Georgetown,MY,2020-05-11 00:15:12,5.41,100.34,78.8,94,20,4.94,thunderstorm,0.0,0.0
85,Thompson,CA,2020-05-11 00:14:47,55.74,-97.86,32.0,88,5,11.41,clear sky,0.0,0.0
86,Petropavlovsk-Kamchatskiy,RU,2020-05-11 00:15:12,53.05,158.65,44.6,42,0,20.13,clear sky,0.0,0.0
87,Quatre Cocos,MU,2020-05-11 00:15:13,-20.21,57.76,71.6,56,40,9.17,scattered clouds,0.0,0.0
88,Lompoc,US,2020-05-11 00:14:49,34.64,-120.46,63.0,82,90,4.7,overcast clouds,0.0,0.0
89,Rawson,AR,2020-05-11 00:15:13,-43.3,-65.1,53.6,57,80,29.48,broken clouds,0.0,0.0
90,Cabo San Lucas,MX,2020-05-11 00:15:13,22.89,-109.91,89.01,15,40,13.87,scattered clouds,0.0,0.0
91,Faanui,PF,2020-05-11 00:15:13,-16.48,-151.75,81.73,77,93,8.43,overcast clouds,0.0,0.0
92,Mehamn,NO,2020-05-11 00:15:13,71.04,27.85,32.38,92,89,8.59,overcast clouds,0.0,0.0
93,Labuhan,ID,2020-05-11 00:15:13,-6.88,112.21,80.56,85,65,8.3,light rain,0.17,0.0
94,Kamenka,RU,2020-05-11 00:15:13,51.32,42.77,50.0,94,99,10.0,light rain,0.17,0.0
95,New Norfolk,AU,2020-05-11 00:15:13,-42.78,147.06,53.01,88,86,3.87,light rain,0.23,0.0
96,Lodwar,KE,2020-05-11 00:15:14,3.12,35.6,83.41,56,3,16.37,clear sky,0.0,0.0
97,Naze,JP,2020-05-11 00:15:14,28.37,129.48,71.6,88,75,5.82,broken clouds,0.0,0.0
98,Necochea,AR,2020-05-11 00:15:14,-38.55,-58.74,56.88,49,24,11.54,few clouds,0.0,0.0
99,Fairbanks,US,2020-05-11 00:15:14,64.84,-147.72,82.0,18,1,14.99,clear sky,0.0,0.0
100,Umtata,ZA,2020-05-11 00:15:14,-31.59,28.78,51.8,81,0,5.06,clear sky,0.0,0.0
101,Caravelas,BR,2020-05-11 00:15:14,-17.71,-39.25,70.68,73,7,5.97,clear sky,0.0,0.0
102,Bredasdorp,ZA,2020-05-11 00:15:14,-34.53,20.04,59.0,93,0,1.12,clear sky,0.0,0.0
103,Sao Filipe,CV,2020-05-11 00:15:14,14.9,-24.5,72.84,77,33,7.11,scattered clouds,0.0,0.0
104,Touros,BR,2020-05-11 00:15:14,-5.2,-35.46,77.0,94,20,3.36,few clouds,0.0,0.0
105,Rocha,UY,2020-05-11 00:15:14,-34.48,-54.33,62.19,79,0,9.35,clear sky,0.0,0.0
106,Wajima,JP,2020-05-11 00:15:14,37.4,136.9,57.2,100,90,16.11,drizzle,0.0,0.0
107,Lebu,CL,2020-05-11 00:15:15,-37.62,-73.65,53.11,82,15,4.88,few clouds,0.0,0.0
108,Pevek,RU,2020-05-11 00:15:15,69.7,170.31,36.81,81,4,16.49,clear sky,0.0,0.0
109,Hobart,AU,2020-05-11 00:15:01,-42.88,147.33,53.01,71,75,10.29,broken clouds,0.0,0.0
110,Kaeo,NZ,2020-05-11 00:15:15,-35.1,173.78,64.99,23,84,7.0,broken clouds,0.0,0.0
111,Aykhal,RU,2020-05-11 00:15:15,66.0,111.5,26.6,73,90,11.18,overcast clouds,0.0,0.0
112,Vardo,NO,2020-05-11 00:15:15,70.37,31.11,33.21,97,100,27.67,snow,0.0,1.37
113,Kaitangata,NZ,2020-05-11 00:15:15,-46.28,169.85,55.99,62,39,4.0,scattered clouds,0.0,0.0
114,Perth,AU,2020-05-11 00:13:25,-31.93,115.83,41.0,100,2,6.17,clear sky,0.0,0.0
115,Yellowknife,CA,2020-05-11 00:13:39,62.46,-114.35,39.2,44,40,9.17,scattered clouds,0.0,0.0
116,Codrington,AU,2020-05-11 00:15:15,-38.27,141.97,54.77,78,23,12.17,few clouds,0.0,0.0
117,Jalu,LY,2020-05-11 00:15:15,29.03,21.55,73.06,18,0,9.91,clear sky,0.0,0.0
118,Novoagansk,RU,2020-05-11 00:15:16,61.94,76.66,61.18,52,100,6.69,overcast clouds,0.0,0.0
119,Bambous Virieux,MU,2020-05-11 00:15:16,-20.34,57.76,71.6,56,40,9.17,scattered clouds,0.0,0.0
120,Sennoy,RU,2020-05-11 00:15:16,52.15,46.96,47.39,87,0,8.84,clear sky,0.0,0.0
121,Barrow,US,2020-05-11 00:15:16,71.29,-156.79,35.6,74,1,4.7,clear sky,0.0,0.0
122,Berlevag,NO,2020-05-11 00:15:16,70.86,29.09,35.13,85,99,17.38,light snow,0.0,0.16
123,Yeppoon,AU,2020-05-11 00:15:16,-23.13,150.73,69.8,28,17,12.75,few clouds,0.0,0.0
124,Mgandu,TZ,2020-05-11 00:15:16,-5.95,34.13,59.76,91,74,7.14,broken clouds,0.0,0.0
125,Salinopolis,BR,2020-05-11 00:15:16,-0.61,-47.36,80.19,84,6,10.6,light rain,0.15,0.0
126,Upernavik,GL,2020-05-11 00:15:16,72.79,-56.15,15.69,86,7,11.97,clear sky,0.0,0.0
127,Constitucion,CL,2020-05-11 00:15:16,-35.33,-72.42,54.45,80,4,8.7,clear sky,0.0,0.0
128,Vila Franca Do Campo,PT,2020-05-11 00:15:17,37.72,-25.43,59.0,67,20,9.17,few clouds,0.0,0.0
129,Avarua,CK,2020-05-11 00:15:17,-21.21,-159.78,80.6,78,99,16.11,overcast clouds,0.0,0.0
130,Cabedelo,BR,2020-05-11 00:15:17,-6.98,-34.83,77.0,94,20,5.82,few clouds,0.0,0.0
131,Ouargaye,BF,2020-05-11 00:15:17,11.5,0.06,92.71,36,82,11.97,broken clouds,0.0,0.0
132,Kholtoson,RU,2020-05-11 00:15:17,50.3,103.31,50.36,48,83,4.43,broken clouds,0.0,0.0
133,De Aar,ZA,2020-05-11 00:15:17,-30.65,24.01,55.09,39,0,3.15,clear sky,0.0,0.0
134,Sevojno,RS,2020-05-11 00:15:17,43.84,19.9,59.0,41,68,3.36,broken clouds,0.0,0.0
135,Hervey Bay,AU,2020-05-11 00:15:17,-25.3,152.85,69.01,67,24,11.01,light rain,0.12,0.0
136,Mahebourg,MU,2020-05-11 00:15:17,-20.41,57.7,71.6,56,40,9.17,scattered clouds,0.0,0.0
137,Tuktoyaktuk,CA,2020-05-11 00:15:17,69.45,-133.04,37.4,99,75,8.05,broken clouds,0.0,0.0
138,Jakar,BT,2020-05-11 00:15:18,27.55,90.75,45.7,65,5,3.27,clear sky,0.0,0.0
139,Raga,SS,2020-05-11 00:15:18,8.46,25.68,77.13,69,100,6.11,overcast clouds,0.0,0.0
140,Vilhena,BR,2020-05-11 00:15:18,-12.74,-60.15,70.92,90,41,0.51,scattered clouds,0.0,0.0
141,Lebedinyy,RU,2020-05-11 00:15:18,58.52,125.52,31.59,91,100,9.31,overcast clouds,0.0,0.0
142,Lavrentiya,RU,2020-05-11 00:15:18,65.58,-171.0,36.7,90,98,5.77,overcast clouds,0.0,0.0
143,Bartica,GY,2020-05-11 00:15:18,6.4,-58.62,77.0,94,75,6.93,broken clouds,0.0,0.0
144,Hasaki,JP,2020-05-11 00:15:18,35.73,140.83,71.6,100,75,10.29,mist,0.0,0.0
145,Butaritari,KI,2020-05-11 00:15:18,3.07,172.79,83.66,76,13,8.52,few clouds,0.0,0.0
146,Pontianak,ID,2020-05-11 00:12:49,-0.03,109.33,78.8,88,75,4.7,thunderstorm,0.0,0.0
147,Klaksvik,FO,2020-05-11 00:15:18,62.23,-6.59,30.2,68,46,3.36,scattered clouds,0.0,0.0
148,Aleksandrov Gay,RU,2020-05-11 00:15:19,50.15,48.57,49.59,75,29,8.52,scattered clouds,0.0,0.0
149,Cayenne,GF,2020-05-11 00:15:06,4.93,-52.33,75.2,100,75,12.21,broken clouds,0.0,0.0
150,Ponta Do Sol,PT,2020-05-11 00:15:19,32.67,-17.1,64.4,72,20,2.24,few clouds,0.0,0.0
151,Praya,CV,2020-05-11 00:15:19,14.92,-23.51,71.6,78,20,17.22,few clouds,0.0,0.0
152,Kayanza,BI,2020-05-11 00:15:19,-3.07,29.67,56.57,96,92,0.49,overcast clouds,0.0,0.0
153,Pasni,PK,2020-05-11 00:15:19,25.26,63.47,81.57,74,15,9.17,few clouds,0.0,0.0
154,Troitsko-Pechorsk,RU,2020-05-11 00:15:19,62.71,56.2,48.94,93,100,4.36,light rain,0.17,0.0
155,Asau,RO,2020-05-11 00:15:19,46.43,26.4,55.0,67,98,4.99,overcast clouds,0.0,0.0
156,Alice Springs,AU,2020-05-11 00:11:45,-23.7,133.88,53.6,37,75,11.41,broken clouds,0.0,0.0
157,Saint-Philippe,RE,2020-05-11 00:15:19,-21.36,55.77,69.8,77,75,8.05,broken clouds,0.0,0.0
158,Victoria,HK,2020-05-11 00:14:57,22.29,114.16,84.0,66,61,4.0,broken clouds,0.0,0.0
159,Marathon,US,2020-05-11 00:15:19,44.9,-89.77,39.99,51,90,8.05,overcast clouds,0.0,0.0
160,Biloela,AU,2020-05-11 00:15:20,-24.42,150.5,65.64,30,85,16.15,overcast clouds,0.0,0.0
161,Hilo,US,2020-05-11 00:14:06,19.73,-155.09,82.4,58,75,10.29,broken clouds,0.0,0.0
162,Nouadhibou,MR,2020-05-11 00:15:20,20.93,-17.03,67.26,78,91,23.29,overcast clouds,0.0,0.0
163,Pitkyaranta,RU,2020-05-11 00:15:20,61.57,31.48,39.99,69,75,12.62,broken clouds,0.0,0.0
164,Broken Hill,AU,2020-05-11 00:15:20,-31.95,141.43,51.8,53,0,6.93,clear sky,0.0,0.0
165,Lagoa,PT,2020-05-11 00:15:20,39.05,-27.98,57.74,71,52,23.04,broken clouds,0.0,0.0
166,Aras,ES,2020-05-11 00:15:20,42.56,-2.36,55.4,87,75,6.93,broken clouds,0.0,0.0
167,Diez,DE,2020-05-11 00:15:20,50.37,8.02,55.99,89,87,7.7,overcast clouds,0.0,0.0
168,Sorland,NO,2020-05-11 00:15:20,67.67,12.69,36.86,79,100,19.55,light snow,0.0,0.29
169,Nowa Sol,PL,2020-05-11 00:15:20,51.8,15.72,60.01,38,72,7.49,broken clouds,0.0,0.0
170,Greenwood,US,2020-05-11 00:15:20,34.17,-82.12,68.0,55,1,5.82,clear sky,0.0,0.0
171,Parana,AR,2020-05-11 00:15:20,-31.73,-60.52,75.0,72,53,1.01,broken clouds,0.0,0.0
172,Ribeira Grande,PT,2020-05-11 00:15:21,38.52,-28.7,58.77,70,29,19.6,scattered clouds,0.0,0.0
173,Zheleznodorozhnyy,RU,2020-05-11 00:15:21,55.75,38.0,55.4,47,100,8.95,overcast clouds,0.0,0.0
174,Turkmenabat,TM,2020-05-11 00:15:21,39.07,63.58,68.0,56,61,4.7,broken clouds,0.0,0.0
175,Chiang Khong,TH,2020-05-11 00:15:21,20.26,100.4,73.0,69,19,0.87,few clouds,0.0,0.0
176,Meulaboh,ID,2020-05-11 00:15:21,4.14,96.13,77.88,88,97,4.36,light rain,0.97,0.0
177,San Patricio,MX,2020-05-11 00:15:21,19.22,-104.7,80.6,78,40,11.41,scattered clouds,0.0,0.0
178,Acarau,BR,2020-05-11 00:15:21,-2.89,-40.12,76.78,85,100,11.14,overcast clouds,0.0,0.0
179,Kununurra,AU,2020-05-11 00:15:21,-15.77,128.73,78.8,27,38,12.75,scattered clouds,0.0,0.0
180,Tucurui,BR,2020-05-11 00:15:21,-3.77,-49.67,76.15,94,84,3.62,light rain,0.16,0.0
181,Port Dover,CA,2020-05-11 00:15:22,42.78,-80.2,52.0,66,96,8.9,overcast clouds,0.0,0.0
182,Alexandria,EG,2020-05-11 00:13:48,31.22,29.96,59.0,93,0,2.24,clear sky,0.0,0.0
183,Nishihara,JP,2020-05-11 00:15:22,26.18,127.76,77.0,94,90,4.7,overcast clouds,0.0,0.0
184,Veraval,IN,2020-05-11 00:15:22,20.9,70.37,80.29,84,0,10.16,clear sky,0.0,0.0
185,Port Elizabeth,ZA,2020-05-11 00:15:22,-33.92,25.57,51.8,76,0,4.7,clear sky,0.0,0.0
186,Omboue,GA,2020-05-11 00:15:22,-1.57,9.26,74.26,91,100,3.78,overcast clouds,0.0,0.0
187,Zeya,RU,2020-05-11 00:15:22,53.75,127.27,42.85,62,46,11.03,scattered clouds,0.0,0.0
188,Panzhihua,CN,2020-05-11 00:15:22,26.59,101.71,66.99,50,0,1.63,clear sky,0.0,0.0
189,Filingue,NE,2020-05-11 00:15:22,14.35,3.32,84.83,52,31,22.06,scattered clouds,0.0,0.0
190,Olga,RU,2020-05-11 00:15:22,43.74,135.29,55.29,85,65,4.29,light rain,0.31,0.0
191,Ugoofaaru,MV,2020-05-11 00:15:22,5.67,73.0,84.72,78,98,10.04,moderate rain,1.15,0.0
192,Te Anau,NZ,2020-05-11 00:15:23,-45.42,167.72,50.29,86,100,1.57,light rain,0.55,0.0
193,Iwanai,JP,2020-05-11 00:15:23,42.97,140.51,57.2,76,96,3.22,overcast clouds,0.0,0.0
194,Saint-Pierre,RE,2020-05-11 00:15:23,-21.34,55.48,69.8,77,75,8.05,broken clouds,0.0,0.0
195,Xiongyue,CN,2020-05-11 00:15:23,40.18,122.12,59.0,40,37,17.25,scattered clouds,0.0,0.0
196,Aksarka,RU,2020-05-11 00:15:23,66.56,67.8,33.4,97,100,5.48,overcast clouds,0.0,0.0
197,Puerto Vallarta,MX,2020-05-11 00:14:07,20.62,-105.23,82.4,69,20,11.41,few clouds,0.0,0.0
198,Fort Nelson,CA,2020-05-11 00:15:23,58.81,-122.7,55.4,30,20,11.41,few clouds,0.0,0.0
199,Ossora,RU,2020-05-11 00:15:23,59.24,163.07,34.27,92,99,1.05,overcast clouds,0.0,0.0
200,Acapulco,MX,2020-05-11 00:10:38,16.86,-99.89,86.0,66,5,10.29,clear sky,0.0,0.0
201,Homer,US,2020-05-11 00:15:23,59.64,-151.55,51.01,75,1,19.46,clear sky,0.0,0.0
202,Esperance,AU,2020-05-11 00:15:24,-33.87,121.9,50.0,57,82,10.29,broken clouds,0.0,0.0
203,Trelew,AR,2020-05-11 00:15:24,-43.25,-65.31,52.84,54,83,27.18,broken clouds,0.0,0.0
204,Boke,GN,2020-05-11 00:15:24,10.94,-14.3,75.54,83,2,3.98,clear sky,0.0,0.0
205,Maldonado,UY,2020-05-11 00:15:24,-34.67,-54.92,66.99,77,1,8.16,clear sky,0.0,0.0
206,Avera,US,2020-05-11 00:15:24,33.19,-82.53,71.6,43,1,3.67,clear sky,0.0,0.0
207,Omachi,JP,2020-05-11 00:15:24,36.5,137.87,70.0,77,20,2.24,few clouds,0.0,0.0
208,Alyangula,AU,2020-05-11 00:15:24,-13.85,136.42,80.6,57,52,8.05,broken clouds,0.0,0.0
209,Moa,CU,2020-05-11 00:15:24,20.66,-74.94,80.01,83,95,8.08,light rain,0.11,0.0
210,Lima,PE,2020-05-11 00:11:46,-12.04,-77.03,71.6,68,26,14.99,scattered clouds,0.0,0.0
211,Zhigansk,RU,2020-05-11 00:15:24,66.77,123.37,28.0,96,13,20.02,few clouds,0.0,0.0
212,East London,ZA,2020-05-11 00:15:25,-33.02,27.91,72.16,33,0,7.74,clear sky,0.0,0.0
213,Vaini,TO,2020-05-11 00:15:25,-21.2,-175.2,82.4,65,20,17.22,few clouds,0.0,0.0
214,Billings,US,2020-05-11 00:15:25,45.78,-108.5,51.01,39,75,16.11,broken clouds,0.0,0.0
215,Iskateley,RU,2020-05-11 00:15:25,67.68,53.15,28.71,99,63,5.35,broken clouds,0.0,0.0
216,Taoudenni,ML,2020-05-11 00:15:25,22.68,-3.98,93.99,10,68,10.87,broken clouds,0.0,0.0
217,Makakilo City,US,2020-05-11 00:15:25,21.35,-158.09,84.2,54,75,9.17,broken clouds,0.0,0.0
218,Dingle,PH,2020-05-11 00:15:25,11.0,122.67,85.6,66,99,6.11,overcast clouds,0.0,0.0
219,Hailey,US,2020-05-11 00:15:25,43.52,-114.32,73.4,23,20,11.41,few clouds,0.0,0.0
220,Dossor,KZ,2020-05-11 00:15:25,47.53,52.98,55.76,71,100,9.01,light rain,0.12,0.0
221,Port Blair,IN,2020-05-11 00:15:25,11.67,92.75,83.77,73,100,2.55,overcast clouds,0.0,0.0
222,Zimapan,MX,2020-05-11 00:15:25,20.75,-99.35,63.91,73,18,10.25,light rain,0.11,0.0
223,Talnakh,RU,2020-05-11 00:15:26,69.49,88.4,30.2,92,56,6.71,broken clouds,0.0,0.0
224,Hudson Bay,CA,2020-05-11 00:15:26,52.85,-102.38,41.38,57,99,8.41,overcast clouds,0.0,0.0
225,Kalmar,SE,2020-05-11 00:15:26,56.66,16.36,48.2,87,100,9.17,light rain,0.14,0.0
226,Charlottesville,US,2020-05-11 00:10:50,38.03,-78.48,66.2,29,1,11.41,clear sky,0.0,0.0
227,Los Llanos De Aridane,ES,2020-05-11 00:15:26,28.66,-17.92,68.0,72,23,6.93,few clouds,0.0,0.0
228,Lata,PT,2020-05-11 00:15:26,40.16,-8.33,60.01,85,95,1.99,light rain,0.49,0.0
229,Beringovskiy,RU,2020-05-11 00:12:10,63.05,179.32,32.99,96,61,9.31,broken clouds,0.0,0.0
230,Sydney,AU,2020-05-11 00:11:28,-33.87,151.21,60.01,41,0,8.05,clear sky,0.0,0.0
231,Galle,LK,2020-05-11 00:11:43,6.04,80.22,81.59,76,100,1.14,overcast clouds,0.0,0.0
232,Beisfjord,NO,2020-05-11 00:15:26,68.38,17.6,32.0,91,91,12.75,overcast clouds,0.0,0.0
233,Babayurt,RU,2020-05-11 00:15:26,43.6,46.78,45.52,91,27,8.1,scattered clouds,0.0,0.0
234,Berezovyy,RU,2020-05-11 00:15:27,51.67,135.7,48.99,71,100,6.2,overcast clouds,0.0,0.0
235,Ucluelet,CA,2020-05-11 00:15:27,48.93,-125.55,73.99,40,75,3.36,broken clouds,0.0,0.0
236,Penco,CL,2020-05-11 00:15:27,-36.73,-72.98,55.4,93,52,5.82,broken clouds,0.0,0.0
237,Pundaguitan,PH,2020-05-11 00:15:27,6.37,126.17,83.89,74,79,3.47,light rain,0.59,0.0
238,Burnie,AU,2020-05-11 00:15:27,-41.07,145.92,60.01,69,63,1.99,light rain,0.14,0.0
239,Saint-Augustin,CA,2020-05-11 00:15:27,51.23,-58.65,37.56,86,100,15.82,light rain,0.12,0.0
240,Qandala,SO,2020-05-11 00:15:27,11.47,49.87,87.22,55,85,1.34,overcast clouds,0.0,0.0
241,Andenes,NO,2020-05-11 00:15:27,69.31,16.12,35.6,74,83,13.87,light snow,0.0,0.33
242,Naryan-Mar,RU,2020-05-11 00:15:27,67.67,53.09,29.23,99,66,5.28,broken clouds,0.0,0.0
243,Orlik,RU,2020-05-11 00:15:27,52.52,99.83,46.83,65,91,3.76,overcast clouds,0.0,0.0
244,Banjar,ID,2020-05-11 00:15:27,-8.19,114.97,78.8,100,20,2.24,few clouds,0.0,0.0
245,Goure,NE,2020-05-11 00:15:28,13.98,10.27,82.45,14,18,5.99,few clouds,0.0,0.0
246,Malpe,IN,2020-05-11 00:15:28,13.35,74.72,83.37,81,99,2.17,overcast clouds,0.0,0.0
247,Razole,IN,2020-05-11 00:15:28,16.48,81.83,81.1,89,20,5.14,few clouds,0.0,0.0
248,Bathsheba,BB,2020-05-11 00:15:28,13.22,-59.52,80.6,74,40,17.22,light intensity shower rain,0.0,0.0
249,Eyl,SO,2020-05-11 00:15:28,7.98,49.82,82.8,77,67,7.81,broken clouds,0.0,0.0
250,Moindou,NC,2020-05-11 00:15:28,-21.69,165.68,78.8,57,6,3.36,clear sky,0.0,0.0
251,Kysyl-Syr,RU,2020-05-11 00:12:08,63.9,122.76,31.91,93,12,9.1,few clouds,0.0,0.0
252,Sambava,MG,2020-05-11 00:15:28,-14.27,50.17,73.8,81,69,12.86,broken clouds,0.0,0.0
253,Butembo,CD,2020-05-11 00:15:28,0.15,29.28,57.79,99,86,3.11,overcast clouds,0.0,0.0
254,Totolapan,MX,2020-05-11 00:15:28,18.52,-96.18,82.4,69,40,17.22,scattered clouds,0.0,0.0
255,Dunedin,NZ,2020-05-11 00:13:33,-45.87,170.5,51.01,87,66,3.0,broken clouds,0.0,0.0
256,Isangel,VU,2020-05-11 00:15:29,-19.55,169.27,77.0,69,40,8.3,scattered clouds,0.0,0.0
257,Salvador,SV,2020-05-11 00:15:29,13.83,-88.92,87.8,74,40,11.41,scattered clouds,0.0,0.0
258,Thinadhoo,MV,2020-05-11 00:15:29,0.53,72.93,85.53,76,99,14.07,light rain,0.17,0.0
259,Provideniya,RU,2020-05-11 00:15:29,64.38,-173.3,36.7,89,100,9.69,overcast clouds,0.0,0.0
260,Kardymovo,RU,2020-05-11 00:15:29,54.89,32.43,43.97,69,5,1.66,clear sky,0.0,0.0
261,Takoradi,GH,2020-05-11 00:15:29,4.88,-1.76,78.3,86,100,4.21,moderate rain,2.47,0.0
262,Sarangani,PH,2020-05-11 00:15:29,5.4,125.46,84.67,73,100,5.55,overcast clouds,0.0,0.0
263,Kupang,ID,2020-05-11 00:15:29,-10.17,123.58,82.4,69,20,9.17,few clouds,0.0,0.0
264,Lincoln,US,2020-05-11 00:10:41,40.8,-96.67,55.0,35,2,5.99,clear sky,0.0,0.0
265,Russell,US,2020-05-11 00:15:30,32.35,-85.2,77.0,59,1,3.36,clear sky,0.0,0.0
266,Kagoro,NG,2020-05-11 00:15:30,9.6,8.38,70.07,87,53,2.44,light rain,0.21,0.0
267,Carmelo,UY,2020-05-11 00:15:30,-33.99,-58.29,72.0,68,21,4.7,few clouds,0.0,0.0
268,Uvalde,US,2020-05-11 00:15:30,29.37,-99.77,82.99,32,1,9.17,clear sky,0.0,0.0
269,Champerico,GT,2020-05-11 00:15:30,14.3,-91.92,91.4,66,20,11.41,thunderstorm,0.0,0.0
270,Lethem,GY,2020-05-11 00:15:30,3.38,-59.8,82.99,66,80,12.24,broken clouds,0.0,0.0
271,Souillac,MU,2020-05-11 00:15:30,-20.52,57.52,71.6,56,40,9.17,scattered clouds,0.0,0.0
272,Caluquembe,AO,2020-05-11 00:15:30,-13.78,14.68,57.78,69,98,1.36,overcast clouds,0.0,0.0
273,La Ronge,CA,2020-05-11 00:15:30,55.1,-105.28,41.0,23,20,5.82,few clouds,0.0,0.0
274,Coquimbo,CL,2020-05-11 00:15:30,-29.95,-71.34,55.4,87,0,5.82,clear sky,0.0,0.0
275,Matagami,CA,2020-05-11 00:15:31,49.75,-77.63,24.8,79,90,26.4,light snow,0.0,0.0
276,Ofunato,JP,2020-05-11 00:15:31,39.07,141.72,64.4,63,40,10.29,shower rain,0.0,0.0
277,Saint George,US,2020-05-11 00:13:32,37.1,-113.58,90.0,18,1,17.22,clear sky,0.0,0.0
278,Xianshuigu,CN,2020-05-11 00:15:31,38.98,117.38,66.2,17,91,6.71,overcast clouds,0.0,0.0
279,Diffa,NE,2020-05-11 00:15:31,13.32,12.61,82.71,13,0,7.36,clear sky,0.0,0.0
280,Rosetta,EG,2020-05-11 00:15:31,31.4,30.42,59.0,93,0,2.24,clear sky,0.0,0.0
281,Nome,US,2020-05-11 00:15:31,64.5,-165.41,57.0,53,90,6.93,overcast clouds,0.0,0.0
282,Sao Joao Da Barra,BR,2020-05-11 00:15:31,-21.64,-41.05,70.21,68,0,9.8,clear sky,0.0,0.0
283,Luderitz,NA,2020-05-11 00:15:31,-26.65,15.16,73.4,31,0,4.7,clear sky,0.0,0.0
284,Comodoro Rivadavia,AR,2020-05-11 00:15:01,-45.87,-67.5,51.8,71,40,6.93,scattered clouds,0.0,0.0
285,Great Falls,US,2020-05-11 00:14:12,47.5,-111.3,48.2,45,90,12.75,overcast clouds,0.0,0.0
286,Coihaique,CL,2020-05-11 00:15:32,-45.58,-72.07,41.0,80,40,2.24,scattered clouds,0.0,0.0
287,Zambezi,ZM,2020-05-11 00:15:32,-13.54,23.1,59.11,76,84,4.83,broken clouds,0.0,0.0
288,Airai,TL,2020-05-11 00:15:32,-8.93,125.41,66.42,82,17,4.03,few clouds,0.0,0.0
289,Cassilandia,BR,2020-05-11 00:12:20,-19.11,-51.73,66.56,87,0,5.21,clear sky,0.0,0.0
290,Poum,NC,2020-05-11 00:15:32,-20.23,164.02,74.93,71,12,4.45,light rain,0.21,0.0
291,Camana,PE,2020-05-11 00:15:32,-16.62,-72.71,66.65,78,78,5.41,broken clouds,0.0,0.0
292,Lingyuan,CN,2020-05-11 00:15:32,41.24,119.4,60.89,28,3,16.93,clear sky,0.0,0.0
293,Stawell,AU,2020-05-11 00:15:33,-37.05,142.77,50.83,79,0,6.91,clear sky,0.0,0.0
294,Nantucket,US,2020-05-11 00:15:08,41.28,-70.1,48.99,49,1,29.97,clear sky,0.0,0.0
295,Morgan City,US,2020-05-11 00:15:33,29.7,-91.21,78.8,47,1,8.05,clear sky,0.0,0.0
296,Ancud,CL,2020-05-11 00:15:33,-41.87,-73.82,52.0,87,75,6.93,broken clouds,0.0,0.0
297,Gbarnga,LR,2020-05-11 00:15:33,7.0,-9.47,74.25,94,99,3.85,overcast clouds,0.0,0.0
298,Neftekamsk,RU,2020-05-11 00:15:33,56.09,54.27,54.01,71,100,5.14,overcast clouds,0.0,0.0
299,Henties Bay,NA,2020-05-11 00:15:33,-22.12,14.28,69.93,47,19,5.08,few clouds,0.0,0.0
300,Guerrero Negro,MX,2020-05-11 00:15:33,27.98,-114.06,68.31,66,64,18.25,broken clouds,0.0,0.0
301,Cockburn Town,TC,2020-05-11 00:10:45,21.46,-71.14,80.8,79,49,25.43,scattered clouds,0.0,0.0
302,Grand-Santi,GF,2020-05-11 00:15:34,4.25,-54.38,74.71,97,99,2.91,light rain,0.21,0.0
303,Mikhaylovka,RU,2020-05-11 00:12:06,50.06,43.24,50.0,91,97,5.99,light rain,0.92,0.0
304,Sao Pedro Da Cadeira,PT,2020-05-11 00:15:34,39.07,-9.37,62.01,79,92,10.0,moderate rain,1.42,0.0
305,Northam,GB,2020-05-11 00:15:34,51.03,-4.22,45.0,64,70,18.99,broken clouds,0.0,0.0
306,Pointe Michel,DM,2020-05-11 00:15:34,15.25,-61.38,80.6,74,40,10.29,scattered clouds,0.0,0.0
307,Banda Aceh,ID,2020-05-11 00:15:34,5.56,95.32,79.56,83,100,7.16,moderate rain,1.08,0.0
308,Virginia Beach,US,2020-05-11 00:13:34,36.85,-75.98,62.01,55,1,11.41,clear sky,0.0,0.0
309,Katyuzhanka,UA,2020-05-11 00:15:34,50.81,30.14,50.0,76,1,2.24,clear sky,0.0,0.0
310,Ewa Beach,US,2020-05-11 00:15:34,21.32,-158.01,84.2,45,20,14.99,few clouds,0.0,0.0
311,Pestyaki,RU,2020-05-11 00:15:34,56.71,42.67,43.47,95,31,2.51,scattered clouds,0.0,0.0
312,Padang,ID,2020-05-11 00:15:35,-0.95,100.35,79.36,77,100,3.29,overcast clouds,0.0,0.0
313,Jieshi,CN,2020-05-11 00:15:35,22.81,115.83,79.38,83,52,14.36,light rain,0.16,0.0
314,Katsuura,JP,2020-05-11 00:15:35,35.13,140.3,77.0,88,75,6.93,broken clouds,0.0,0.0
315,Yinchuan,CN,2020-05-11 00:15:35,38.47,106.27,55.99,29,0,10.74,clear sky,0.0,0.0
316,Puerto Escondido,MX,2020-05-11 00:15:35,15.85,-97.07,86.0,79,20,6.93,few clouds,0.0,0.0
317,Talas,TR,2020-05-11 00:15:35,38.69,35.55,42.8,81,3,4.7,clear sky,0.0,0.0
318,Luza,RU,2020-05-11 00:15:35,60.63,47.25,50.4,92,100,5.06,light rain,0.97,0.0
319,Ambon,ID,2020-05-11 00:15:35,-3.7,128.18,84.99,92,100,1.01,light rain,0.18,0.0
320,Odiongan,PH,2020-05-11 00:15:35,12.4,121.99,85.77,67,100,4.94,overcast clouds,0.0,0.0
321,Waingapu,ID,2020-05-11 00:15:35,-9.66,120.26,80.82,74,13,13.71,few clouds,0.0,0.0
322,Vanimo,PG,2020-05-11 00:15:35,-2.67,141.3,84.81,75,86,2.35,light rain,0.8,0.0
323,Progreso,MX,2020-05-11 00:15:35,21.28,-89.67,86.0,58,20,13.87,few clouds,0.0,0.0
324,Senneterre,CA,2020-05-11 00:15:36,48.38,-77.23,30.2,80,90,10.29,light snow,0.0,0.0
325,Chimbote,PE,2020-05-11 00:15:36,-9.09,-78.58,67.87,85,30,7.47,scattered clouds,0.0,0.0
326,Insar,RU,2020-05-11 00:15:36,53.87,44.37,43.95,94,5,6.58,clear sky,0.0,0.0
327,Pionerskiy,RU,2020-05-11 00:15:36,54.95,20.23,57.2,71,100,8.95,light rain,0.18,0.0
328,Toora-Khem,RU,2020-05-11 00:15:36,52.47,96.11,51.49,53,7,1.92,clear sky,0.0,0.0
329,Prachuap Khiri Khan,TH,2020-05-11 00:15:36,11.82,99.78,82.98,73,100,2.53,overcast clouds,0.0,0.0
330,Saint Paul,US,2020-05-11 00:13:18,44.94,-93.09,48.2,39,90,13.87,overcast clouds,0.0,0.0
331,Huntington,US,2020-05-11 00:15:26,38.42,-82.45,57.99,62,1,5.82,clear sky,0.0,0.0
332,Port Hardy,CA,2020-05-11 00:15:29,50.7,-127.42,75.2,33,40,4.7,scattered clouds,0.0,0.0
333,Ibra,OM,2020-05-11 00:15:36,22.69,58.53,76.98,34,0,0.65,clear sky,0.0,0.0
334,Matara,LK,2020-05-11 00:15:36,5.95,80.54,80.15,81,100,2.04,overcast clouds,0.0,0.0
335,Sangar,RU,2020-05-11 00:15:37,63.92,127.47,35.02,86,89,6.11,overcast clouds,0.0,0.0
336,Erenhot,CN,2020-05-11 00:15:37,43.65,111.98,53.1,40,53,25.43,broken clouds,0.0,0.0
337,Hamilton,US,2020-05-11 00:15:37,39.18,-84.53,55.4,47,75,10.29,broken clouds,0.0,0.0
338,Bajil,YE,2020-05-11 00:15:37,15.06,43.29,89.85,41,0,1.03,clear sky,0.0,0.0
339,Pangkalanbuun,ID,2020-05-11 00:15:37,-2.68,111.62,79.88,86,46,2.93,scattered clouds,0.0,0.0
340,Itarema,BR,2020-05-11 00:15:37,-2.92,-39.92,76.26,88,100,10.11,overcast clouds,0.0,0.0
341,Antsohihy,MG,2020-05-11 00:15:37,-14.88,47.99,73.56,66,8,8.25,clear sky,0.0,0.0
342,Zonguldak,TR,2020-05-11 00:15:37,41.25,31.83,48.79,71,0,4.94,clear sky,0.0,0.0
343,Englewood,US,2020-05-11 00:15:37,39.65,-104.99,64.99,27,40,3.36,scattered clouds,0.0,0.0
344,Sergeyevka,KZ,2020-05-11 00:15:38,53.88,67.42,61.03,81,26,4.76,scattered clouds,0.0,0.0
345,Ranong,TH,2020-05-11 00:15:39,9.97,98.63,78.8,100,20,2.24,few clouds,0.0,0.0
346,Gornopravdinsk,RU,2020-05-11 00:15:39,60.05,69.9,60.26,64,100,2.95,overcast clouds,0.0,0.0
347,Noumea,NC,2020-05-11 00:13:52,-22.28,166.46,78.8,57,15,3.36,few clouds,0.0,0.0
348,Westport,US,2020-05-11 00:15:39,41.14,-73.36,60.01,54,1,12.75,clear sky,0.0,0.0
349,Avallon,FR,2020-05-11 00:15:39,47.48,3.9,57.99,92,100,6.93,light rain,0.26,0.0
350,Mangai,CD,2020-05-11 00:15:39,-4.05,19.53,69.73,98,86,2.04,overcast clouds,0.0,0.0
351,Lakes Entrance,AU,2020-05-11 00:15:39,-37.88,147.98,57.99,71,0,1.01,clear sky,0.0,0.0
352,Sal Rei,CV,2020-05-11 00:15:39,16.18,-22.92,71.6,78,75,13.87,broken clouds,0.0,0.0
353,Muros,ES,2020-05-11 00:15:40,42.78,-9.06,53.01,92,7,7.9,clear sky,0.0,0.0
354,Atar,MR,2020-05-11 00:15:40,20.52,-13.05,83.68,18,20,8.72,few clouds,0.0,0.0
355,Raudeberg,NO,2020-05-11 00:15:40,61.99,5.14,36.0,88,37,13.51,scattered clouds,0.0,0.0
356,Chenove,FR,2020-05-11 00:15:40,47.29,5.0,59.0,100,100,3.36,light rain,0.0,0.0
357,Bondoukou,CI,2020-05-11 00:15:40,8.03,-2.8,73.8,95,94,6.17,moderate rain,2.78,0.0
358,Georgiyevka,KZ,2020-05-11 00:15:40,43.04,74.71,57.2,71,0,6.71,clear sky,0.0,0.0
359,Arlit,NE,2020-05-11 00:15:40,18.74,7.39,88.39,10,20,10.54,few clouds,0.0,0.0
360,Viedma,AR,2020-05-11 00:13:11,-40.81,-63.0,58.78,40,6,13.49,clear sky,0.0,0.0
361,Waipawa,NZ,2020-05-11 00:15:41,-41.41,175.52,64.4,68,92,14.99,overcast clouds,0.0,0.0
362,Bondo,CD,2020-05-11 00:15:41,3.81,23.69,70.43,93,82,0.38,broken clouds,0.0,0.0
363,Ayan,RU,2020-05-11 00:15:41,56.45,138.17,35.11,86,82,11.59,broken clouds,0.0,0.0
364,Badvel,IN,2020-05-11 00:15:41,14.75,79.05,78.6,80,4,2.62,clear sky,0.0,0.0
365,Cabra,ES,2020-05-11 00:15:41,37.47,-4.44,57.0,78,89,3.0,overcast clouds,0.0,0.0
366,Salalah,OM,2020-05-11 00:15:41,17.02,54.09,84.2,79,20,3.36,few clouds,0.0,0.0
367,Yulara,AU,2020-05-11 00:15:41,-25.24,130.99,53.6,39,93,9.17,overcast clouds,0.0,0.0
368,Nemuro,JP,2020-05-11 00:14:05,43.32,145.57,59.0,67,40,9.17,scattered clouds,0.0,0.0
369,Leningradskiy,RU,2020-05-11 00:15:41,69.38,178.42,35.74,94,100,14.58,overcast clouds,0.0,0.0
370,Belaya Gora,RU,2020-05-11 00:12:10,68.53,146.42,32.34,99,100,10.69,light snow,0.0,0.28
371,Fortuna,US,2020-05-11 00:15:41,40.6,-124.16,66.99,77,20,11.41,few clouds,0.0,0.0
372,Claveria,PH,2020-05-11 00:15:42,18.61,121.08,85.06,66,0,6.04,clear sky,0.0,0.0
373,Sarakhs,IR,2020-05-11 00:15:42,36.54,61.16,69.8,56,0,2.24,clear sky,0.0,0.0
374,Mombetsu,JP,2020-05-11 00:15:42,44.35,143.35,48.99,84,85,1.99,overcast clouds,0.0,0.0
375,Villazon,BO,2020-05-11 00:15:42,-22.09,-65.59,59.16,26,52,6.49,broken clouds,0.0,0.0
376,Camacha,PT,2020-05-11 00:15:42,33.08,-16.33,66.2,82,20,18.34,few clouds,0.0,0.0
377,Mersing,MY,2020-05-11 00:15:42,2.43,103.84,75.2,100,100,3.36,overcast clouds,0.0,0.0
378,Panguipulli,CL,2020-05-11 00:15:42,-39.63,-72.33,50.0,93,40,3.36,scattered clouds,0.0,0.0
379,Mogoytuy,RU,2020-05-11 00:15:42,51.28,114.92,44.91,53,44,23.29,scattered clouds,0.0,0.0
380,Nha Trang,VN,2020-05-11 00:15:42,12.25,109.18,84.2,79,20,4.7,few clouds,0.0,0.0
381,Saint-Francois,FR,2020-05-11 00:15:43,46.42,3.91,59.0,82,100,2.24,light rain,0.0,0.0
382,Moron,AR,2020-05-11 00:15:43,-34.65,-58.62,72.0,64,26,6.93,scattered clouds,0.0,0.0
383,Deder,ET,2020-05-11 00:15:43,9.32,41.45,57.96,86,18,3.47,few clouds,0.0,0.0
384,Ontario,US,2020-05-11 00:15:43,34.06,-117.65,81.0,42,20,14.99,few clouds,0.0,0.0
385,Abu Samrah,SY,2020-05-11 00:15:43,35.3,37.18,59.25,57,0,4.56,clear sky,0.0,0.0
386,Ayr,GB,2020-05-11 00:15:43,55.46,-4.63,35.6,69,20,4.7,few clouds,0.0,0.0
387,Impfondo,CG,2020-05-11 00:15:43,1.64,18.07,72.55,96,92,3.71,overcast clouds,0.0,0.0
388,Grenville,GD,2020-05-11 00:15:44,12.12,-61.62,82.4,74,20,11.41,few clouds,0.0,0.0
389,Mantua,IT,2020-05-11 00:15:44,45.17,10.78,64.0,81,96,8.99,overcast clouds,0.0,0.0
390,Koumra,TD,2020-05-11 00:15:44,8.91,17.55,83.25,54,39,7.65,scattered clouds,0.0,0.0
391,Srednekolymsk,RU,2020-05-11 00:15:44,67.45,153.68,37.02,92,67,10.16,broken clouds,0.0,0.0
392,Narsaq,GL,2020-05-11 00:15:44,60.92,-46.05,48.2,57,60,4.7,broken clouds,0.0,0.0
393,Udachnyy,RU,2020-05-11 00:15:44,66.42,112.4,26.6,73,90,11.18,overcast clouds,0.0,0.0
394,Balkanabat,TM,2020-05-11 00:15:44,39.51,54.37,65.1,71,8,14.34,clear sky,0.0,0.0
395,Port Hedland,AU,2020-05-11 00:15:06,-20.32,118.57,77.0,20,100,6.93,overcast clouds,0.0,0.0
396,Yar-Sale,RU,2020-05-11 00:15:44,66.83,70.83,32.95,97,100,4.65,overcast clouds,0.0,0.0
397,Kloulklubed,PW,2020-05-11 00:15:45,7.04,134.26,80.6,88,75,3.36,broken clouds,0.0,0.0
398,Micheweni,TZ,2020-05-11 00:15:45,-4.97,39.83,80.53,75,100,15.03,overcast clouds,0.0,0.0
399,Kaihua,CN,2020-05-11 00:15:45,23.37,104.28,71.46,72,7,3.56,clear sky,0.0,0.0
400,Shingu,JP,2020-05-11 00:15:45,33.73,135.98,68.0,77,40,13.87,scattered clouds,0.0,0.0
401,Umarga,IN,2020-05-11 00:15:45,17.83,76.62,81.07,40,31,5.86,scattered clouds,0.0,0.0
402,Marmaris,TR,2020-05-11 00:15:45,36.85,28.27,64.4,100,59,3.36,broken clouds,0.0,0.0
403,That Phanom,TH,2020-05-11 00:15:45,16.94,104.71,84.2,70,20,2.24,few clouds,0.0,0.0
404,Chapulhuacan,MX,2020-05-11 00:15:45,21.17,-98.9,67.96,92,68,5.17,light rain,0.74,0.0
405,Campo Largo,BR,2020-05-11 00:15:46,-25.46,-49.53,62.6,67,0,4.7,clear sky,0.0,0.0
406,Endicott,US,2020-05-11 00:15:46,42.1,-76.05,55.99,40,90,5.41,overcast clouds,0.0,0.0
407,Sucua,EC,2020-05-11 00:15:46,-2.47,-78.17,70.34,81,55,1.05,broken clouds,0.0,0.0
408,Thayetmyo,MM,2020-05-11 00:15:46,19.32,95.18,86.4,55,6,2.68,clear sky,0.0,0.0
409,Komsomolskiy,UZ,2020-05-11 00:15:46,40.43,71.72,60.8,67,0,4.7,clear sky,0.0,0.0
410,Gambela,ET,2020-05-11 00:15:46,8.25,34.58,78.3,70,100,4.47,overcast clouds,0.0,0.0
411,Husavik,IS,2020-05-11 00:15:46,66.04,-17.34,42.8,45,8,31.09,clear sky,0.0,0.0
412,Helong,CN,2020-05-11 00:15:46,42.54,129.0,54.19,48,13,20.04,few clouds,0.0,0.0
413,Alofi,NU,2020-05-11 00:15:06,-19.06,-169.92,82.4,83,0,4.7,clear sky,0.0,0.0
414,Tura,IN,2020-05-11 00:15:47,25.52,90.22,76.64,57,31,1.81,scattered clouds,0.0,0.0
415,Tezu,IN,2020-05-11 00:15:47,27.92,96.17,76.8,43,16,3.69,few clouds,0.0,0.0
416,Sorong,ID,2020-05-11 00:15:47,-0.88,131.25,83.68,80,100,11.34,overcast clouds,0.0,0.0
417,Hvide Sande,DK,2020-05-11 00:15:47,56.0,8.13,41.0,82,13,1.99,light rain,0.22,0.0
418,Pacific Grove,US,2020-05-11 00:15:47,36.62,-121.92,66.2,52,1,9.17,clear sky,0.0,0.0
419,Mildura,AU,2020-05-11 00:13:07,-34.2,142.15,50.0,87,0,2.39,clear sky,0.0,0.0
420,Lyuban,BY,2020-05-11 00:15:47,52.8,28.0,48.54,77,27,5.99,scattered clouds,0.0,0.0
421,Victor Harbor,AU,2020-05-11 00:15:47,-35.57,138.62,57.99,81,2,1.01,clear sky,0.0,0.0
422,Ballinasloe,IE,2020-05-11 00:15:47,53.33,-8.22,37.08,76,40,9.57,scattered clouds,0.0,0.0
423,Hay River,CA,2020-05-11 00:15:34,60.82,-115.8,44.6,48,40,12.75,scattered clouds,0.0,0.0
424,Klyuchi,RU,2020-05-11 00:15:48,52.27,79.17,65.44,61,100,8.34,overcast clouds,0.0,0.0
425,Huanren,CN,2020-05-11 00:15:48,41.26,125.37,57.87,34,0,7.31,clear sky,0.0,0.0
426,Sri Aman,MY,2020-05-11 00:15:48,1.24,111.46,77.0,94,83,2.24,broken clouds,0.0,0.0
427,Honiara,SB,2020-05-11 00:15:48,-9.43,159.95,89.6,66,20,4.7,few clouds,0.0,0.0
428,Chomutov,CZ,2020-05-11 00:15:48,50.46,13.42,54.0,93,20,1.12,light intensity shower rain,0.0,0.0
429,Key West,US,2020-05-11 00:15:48,24.56,-81.78,75.2,83,90,10.29,overcast clouds,0.0,0.0
430,Quepos,CR,2020-05-11 00:14:39,9.42,-84.17,77.0,73,90,10.29,overcast clouds,0.0,0.0
431,Am Timan,TD,2020-05-11 00:15:48,11.03,20.28,86.79,33,21,5.01,few clouds,0.0,0.0
432,Mahon,ES,2020-05-11 00:13:23,39.89,4.27,64.4,88,0,12.75,light rain,0.11,0.0
433,Sakakah,SA,2020-05-11 00:15:48,29.97,40.21,69.8,21,0,7.58,clear sky,0.0,0.0
434,Port Lincoln,AU,2020-05-11 00:15:49,-34.73,135.87,56.19,65,49,12.12,scattered clouds,0.0,0.0
435,Seybaplaya,MX,2020-05-11 00:15:49,19.65,-90.67,84.2,66,20,17.22,few clouds,0.0,0.0
436,Karratha,AU,2020-05-11 00:13:10,-20.74,116.85,78.4,25,75,20.89,broken clouds,0.0,0.0
437,Kyshtovka,RU,2020-05-11 00:15:49,56.55,76.63,60.53,66,0,4.76,clear sky,0.0,0.0
438,San Andres,CO,2020-05-11 00:11:25,12.58,-81.7,84.2,79,40,10.29,scattered clouds,0.0,0.0
439,Huilong,CN,2020-05-11 00:15:49,31.81,121.66,69.01,93,0,3.0,clear sky,0.0,0.0
440,Port-Gentil,GA,2020-05-11 00:15:49,-0.72,8.78,77.0,94,40,3.36,scattered clouds,0.0,0.0
441,Goba,ET,2020-05-11 00:15:49,7.02,39.98,51.93,88,82,2.98,broken clouds,0.0,0.0
442,Elbistan,TR,2020-05-11 00:15:49,38.21,37.2,47.23,59,0,1.21,clear sky,0.0,0.0
443,Narathiwat,TH,2020-05-11 00:15:49,6.33,101.75,80.6,88,20,2.24,few clouds,0.0,0.0
444,Harper,LR,2020-05-11 00:15:49,4.38,-7.72,81.72,82,98,11.45,overcast clouds,0.0,0.0
445,Ghanzi,BW,2020-05-11 00:15:50,-21.57,21.78,57.0,42,0,6.6,clear sky,0.0,0.0
446,Kumbo,CM,2020-05-11 00:15:50,6.2,10.67,60.93,90,54,0.98,light rain,0.12,0.0
447,Little Current,CA,2020-05-11 00:15:50,45.98,-81.92,42.01,60,90,16.11,overcast clouds,0.0,0.0
448,Geraldton,AU,2020-05-11 00:15:50,-28.77,114.6,53.6,81,17,5.82,few clouds,0.0,0.0
449,Damietta,EG,2020-05-11 00:15:50,31.42,31.81,66.2,88,0,5.82,clear sky,0.0,0.0
450,Pitea,SE,2020-05-11 00:15:50,65.32,21.48,30.2,74,63,11.41,broken clouds,0.0,0.0
451,Ordzhonikidze,KZ,2020-05-11 00:15:50,52.44,61.74,59.32,72,90,7.7,overcast clouds,0.0,0.0
452,Boshnyakovo,RU,2020-05-11 00:12:10,49.63,142.17,42.33,80,100,6.6,overcast clouds,0.0,0.0
453,Qiongshan,CN,2020-05-11 00:15:50,20.01,110.35,80.6,88,57,4.47,broken clouds,0.0,0.0
454,Alpena,US,2020-05-11 00:15:50,45.06,-83.43,44.6,45,20,9.17,few clouds,0.0,0.0
455,Bambanglipuro,ID,2020-05-11 00:15:51,-7.95,110.28,78.19,89,100,9.4,light rain,0.78,0.0
456,Temirtau,KZ,2020-05-11 00:15:51,50.05,72.95,51.8,87,20,6.71,few clouds,0.0,0.0
457,Kutum,SD,2020-05-11 00:15:51,14.2,24.67,67.59,23,0,7.0,clear sky,0.0,0.0
458,Bardiyah,LY,2020-05-11 00:15:51,31.76,25.09,64.72,65,0,9.19,clear sky,0.0,0.0
459,Kissidougou,GN,2020-05-11 00:15:51,9.18,-10.1,72.37,95,85,2.01,moderate rain,3.35,0.0
460,Pratapgarh,IN,2020-05-11 00:15:52,24.03,74.78,75.58,41,7,3.06,clear sky,0.0,0.0
461,Lakatoro,VU,2020-05-11 00:15:52,-16.1,167.42,78.8,83,75,3.36,light intensity shower rain,0.0,0.0
462,Aklavik,CA,2020-05-11 00:15:52,68.22,-135.01,50.0,46,75,6.93,broken clouds,0.0,0.0
463,Igarka,RU,2020-05-11 00:15:52,67.47,86.58,32.32,95,39,11.83,scattered clouds,0.0,0.0
464,Phanat Nikhom,TH,2020-05-11 00:15:52,13.45,101.18,90.0,74,40,6.93,scattered clouds,0.0,0.0
465,Miles City,US,2020-05-11 00:13:09,46.41,-105.84,46.4,36,75,5.82,broken clouds,0.0,0.0
466,Jaisalmer,IN,2020-05-11 00:15:52,26.91,70.92,81.77,57,0,12.93,clear sky,0.0,0.0
467,Antofagasta,CL,2020-05-11 00:15:52,-23.65,-70.4,60.8,82,75,12.75,broken clouds,0.0,0.0
468,Iqaluit,CA,2020-05-11 00:15:52,63.75,-68.51,26.6,63,75,26.4,broken clouds,0.0,0.0
469,Kommunisticheskiy,RU,2020-05-11 00:15:52,61.68,64.48,54.54,71,0,5.86,clear sky,0.0,0.0
470,Grand Gaube,MU,2020-05-11 00:15:53,-20.01,57.66,68.0,69,66,1.99,broken clouds,0.0,0.0
471,Kirakira,SB,2020-05-11 00:15:53,-10.45,161.92,86.25,68,1,6.93,clear sky,0.0,0.0
472,Placerville,US,2020-05-11 00:15:53,38.73,-120.8,80.01,35,1,6.93,clear sky,0.0,0.0
473,Juneau,US,2020-05-11 00:15:53,58.3,-134.42,73.4,42,40,10.29,scattered clouds,0.0,0.0
474,Alta,NO,2020-05-11 00:15:53,69.97,23.27,32.0,90,26,3.36,scattered clouds,0.0,0.0
475,Inta,RU,2020-05-11 00:15:53,66.03,60.17,36.12,94,25,4.97,scattered clouds,0.0,0.0
476,Santa Isabel,BR,2020-05-11 00:15:53,-23.32,-46.22,66.2,77,0,3.36,clear sky,0.0,0.0
477,Kindu,CD,2020-05-11 00:15:54,-2.95,25.95,70.72,97,99,0.65,overcast clouds,0.0,0.0
478,Dzhebariki-Khaya,RU,2020-05-11 00:15:54,62.22,135.8,39.65,79,93,1.54,overcast clouds,0.0,0.0
479,Rundu,NA,2020-05-11 00:15:54,-17.93,19.77,64.4,52,71,4.7,broken clouds,0.0,0.0
480,Ubinskoye,RU,2020-05-11 00:15:54,55.31,79.68,59.32,60,0,6.53,clear sky,0.0,0.0
481,Falun,SE,2020-05-11 00:15:54,60.6,15.63,34.0,80,95,11.41,overcast clouds,0.0,0.0
482,Caala,AO,2020-05-11 00:15:54,-12.85,15.56,58.32,76,91,1.36,overcast clouds,0.0,0.0
483,Bar Harbor,US,2020-05-11 00:12:14,44.39,-68.2,46.4,42,20,13.87,few clouds,0.0,0.0
484,Luanda,AO,2020-05-11 00:15:45,-8.84,13.23,80.6,88,40,2.24,scattered clouds,0.0,0.0
485,Chiredzi,ZW,2020-05-11 00:15:54,-21.05,31.67,57.33,84,1,2.1,clear sky,0.0,0.0
486,Bilma,NE,2020-05-11 00:15:54,18.69,12.92,83.52,12,2,8.21,clear sky,0.0,0.0
487,Nsanje,MW,2020-05-11 00:15:55,-16.92,35.26,64.33,93,86,1.86,overcast clouds,0.0,0.0
488,Buala,SB,2020-05-11 00:15:55,-8.14,159.59,85.51,71,83,6.08,light rain,0.59,0.0
489,Batagay-Alyta,RU,2020-05-11 00:15:55,67.8,130.41,27.45,94,87,7.85,overcast clouds,0.0,0.0
490,Awbari,LY,2020-05-11 00:15:55,26.59,12.78,84.27,14,15,12.19,few clouds,0.0,0.0
491,Partizanskoye,RU,2020-05-11 00:15:55,55.5,94.39,58.19,65,63,3.71,broken clouds,0.0,0.0
492,Yashkul,RU,2020-05-11 00:15:55,46.17,45.34,52.03,74,14,13.89,few clouds,0.0,0.0
493,Dharchula,IN,2020-05-11 00:15:55,29.85,80.53,57.42,56,58,6.93,broken clouds,0.0,0.0
494,Beloha,MG,2020-05-11 00:15:55,-25.17,45.05,64.09,82,0,11.83,clear sky,0.0,0.0
495,Foumban,CM,2020-05-11 00:15:55,5.73,10.9,64.62,97,81,3.09,light rain,0.28,0.0
496,Chapais,CA,2020-05-11 00:15:56,49.78,-74.85,28.4,86,90,14.99,light snow,0.0,0.0
497,Manavalakurichi,IN,2020-05-11 00:15:56,8.13,77.3,80.6,94,75,3.36,mist,0.0,0.0
498,Abalak,RU,2020-05-11 00:15:56,58.13,68.59,59.0,75,100,2.24,light rain,0.65,0.0
499,Tual,ID,2020-05-11 00:15:56,-5.67,132.75,83.14,80,96,19.3,overcast clouds,0.0,0.0
500,Douglas,US,2020-05-11 00:15:56,41.3,-96.17,54.0,32,1,13.87,clear sky,0.0,0.0
501,Bentiu,SS,2020-05-11 00:15:56,9.23,29.83,83.79,58,35,3.09,scattered clouds,0.0,0.0
502,Casas Grandes,MX,2020-05-11 00:15:56,30.37,-107.95,80.92,20,83,14.07,broken clouds,0.0,0.0
503,Miandoab,IR,2020-05-11 00:15:57,36.97,46.1,47.46,67,26,3.76,scattered clouds,0.0,0.0
504,Loreto,MX,2020-05-11 00:15:57,22.27,-101.97,76.26,24,41,11.16,scattered clouds,0.0,0.0
505,Votkinsk,RU,2020-05-11 00:15:57,57.05,53.99,48.99,78,95,3.8,overcast clouds,0.0,0.0
506,Parapotamos,GR,2020-05-11 00:15:58,39.55,20.32,57.99,76,40,3.31,scattered clouds,0.0,0.0
507,Polyarnyy,RU,2020-05-11 00:15:58,69.2,33.45,32.0,95,75,15.66,light shower snow,0.0,0.0
508,Verkhoyansk,RU,2020-05-11 00:15:58,67.54,133.38,31.69,96,100,6.15,overcast clouds,0.0,0.0
509,Candolim,IN,2020-05-11 00:15:58,15.52,73.76,81.05,79,86,8.79,overcast clouds,0.0,0.0
510,Guhagar,IN,2020-05-11 00:15:58,17.48,73.19,79.61,79,20,6.93,few clouds,0.0,0.0
511,Yenisehir,TR,2020-05-11 00:15:58,40.26,29.65,51.8,71,100,1.12,overcast clouds,0.0,0.0
512,Bara,NG,2020-05-11 00:15:58,10.37,10.73,84.6,57,0,10.56,clear sky,0.0,0.0
513,Visnes,NO,2020-05-11 00:15:59,59.36,5.22,39.2,69,14,26.4,few clouds,0.0,0.0
514,Jamnagar,IN,2020-05-11 00:15:59,22.47,70.07,78.96,90,4,7.83,clear sky,0.0,0.0
515,Puerto Ayacucho,VE,2020-05-11 00:15:59,5.66,-67.62,81.46,74,96,3.44,overcast clouds,0.0,0.0
516,Phichit,TH,2020-05-11 00:15:59,16.25,100.42,84.2,79,20,3.36,few clouds,0.0,0.0
517,Wewak,PG,2020-05-11 00:15:59,-3.55,143.63,84.33,75,98,7.36,moderate rain,1.07,0.0
518,Chandler,US,2020-05-11 00:15:59,33.31,-111.84,100.0,13,75,8.05,broken clouds,0.0,0.0
519,Ulaanbaatar,MN,2020-05-11 00:13:49,47.91,106.88,48.2,31,20,2.24,few clouds,0.0,0.0
520,Santa Marta,CO,2020-05-11 00:15:59,11.24,-74.2,91.99,62,6,14.79,clear sky,0.0,0.0
521,Donskoye,RU,2020-05-11 00:16:00,45.46,41.97,48.2,77,29,15.66,scattered clouds,0.0,0.0
522,Bowen,AU,2020-05-11 00:16:00,-20.02,148.23,75.0,73,1,6.93,clear sky,0.0,0.0
523,Latung,PH,2020-05-11 00:16:00,5.5,120.88,84.06,72,100,4.18,overcast clouds,0.0,0.0
524,Koungou,YT,2020-05-11 00:16:00,-12.73,45.2,80.6,78,40,8.05,scattered clouds,0.0,0.0
525,Sur,OM,2020-05-11 00:16:01,22.57,59.53,84.76,39,0,6.69,clear sky,0.0,0.0
526,Desaguadero,PE,2020-05-11 00:16:01,-16.57,-69.04,48.94,55,59,3.29,light rain,0.11,0.0
527,San Vicente,AR,2020-05-11 00:16:01,-26.62,-54.13,66.76,70,9,5.95,clear sky,0.0,0.0
528,Longonjo,AO,2020-05-11 00:16:01,-12.91,15.25,61.45,68,94,0.36,overcast clouds,0.0,0.0
529,Arkadelphia,US,2020-05-11 00:16:01,34.12,-93.05,71.6,53,75,4.7,broken clouds,0.0,0.0
530,Sabha,LY,2020-05-11 00:16:01,27.04,14.43,81.32,15,27,11.12,scattered clouds,0.0,0.0
531,Russkaya Polyana,UA,2020-05-11 00:16:01,49.42,31.92,50.88,86,0,4.56,clear sky,0.0,0.0
532,Derzhavinsk,KZ,2020-05-11 00:16:02,51.1,66.32,62.58,67,0,6.08,clear sky,0.0,0.0
533,Bonavista,CA,2020-05-11 00:16:02,48.65,-53.11,35.83,83,92,25.14,overcast clouds,0.0,0.0
534,Kopanskaya,RU,2020-05-11 00:16:02,46.28,38.48,57.04,78,99,19.53,light rain,0.3,0.0
535,Bamiantong,CN,2020-05-11 00:16:02,44.93,130.53,54.37,68,79,16.15,broken clouds,0.0,0.0
536,Chokwe,MZ,2020-05-11 00:16:02,-24.53,32.98,61.3,84,0,2.53,clear sky,0.0,0.0
537,Flinders,AU,2020-05-11 00:16:03,-34.58,150.86,61.0,51,0,4.0,clear sky,0.0,0.0
538,Biltine,TD,2020-05-11 00:16:03,14.53,20.92,82.35,14,0,11.95,clear sky,0.0,0.0
539,Namatanai,PG,2020-05-11 00:16:03,-3.67,152.43,86.38,68,83,6.55,broken clouds,0.0,0.0
540,Tuatapere,NZ,2020-05-11 00:16:03,-46.13,167.68,56.17,73,100,3.76,overcast clouds,0.0,0.0
541,Si Sa Ket,TH,2020-05-11 00:16:03,15.11,104.33,87.01,68,75,1.99,moderate rain,3.24,0.0
542,Mozarlandia,BR,2020-05-11 00:16:03,-14.74,-50.57,73.62,78,15,3.98,few clouds,0.0,0.0
543,Santa Rosalia,MX,2020-05-11 00:16:03,27.32,-112.28,81.54,39,31,3.8,scattered clouds,0.0,0.0
544,Roald,NO,2020-05-11 00:16:03,62.58,6.13,36.0,76,57,4.7,broken clouds,0.0,0.0
545,Oksfjord,NO,2020-05-11 00:16:03,70.24,22.35,32.0,87,59,3.36,broken clouds,0.0,0.0
546,Tautira,PF,2020-05-11 00:16:03,-17.73,-149.15,89.6,62,76,4.7,light rain,0.12,0.0
547,Richards Bay,ZA,2020-05-11 00:16:03,-28.78,32.04,63.57,86,0,8.52,clear sky,0.0,0.0
548,Lazaro Cardenas,MX,2020-05-11 00:12:59,17.96,-102.2,82.98,65,0,10.58,clear sky,0.0,0.0
549,Wasilla,US,2020-05-11 00:16:04,61.58,-149.44,68.0,31,1,5.82,clear sky,0.0,0.0
550,Lalmohan,BD,2020-05-11 00:16:04,22.34,90.74,84.51,70,0,3.24,clear sky,0.0,0.0
551,Inhambane,MZ,2020-05-11 00:16:04,-23.86,35.38,68.7,78,30,7.47,scattered clouds,0.0,0.0
552,San Policarpo,PH,2020-05-11 00:16:04,12.18,125.51,84.09,77,100,8.68,overcast clouds,0.0,0.0
553,Yerbogachen,RU,2020-05-11 00:16:04,61.28,108.01,36.19,76,55,9.69,broken clouds,0.0,0.0
554,Shimoda,JP,2020-05-11 00:16:04,34.67,138.95,69.8,83,75,18.34,broken clouds,0.0,0.0
555,Kibre Mengist,ET,2020-05-11 00:16:05,5.88,38.98,58.48,96,100,1.01,overcast clouds,0.0,0.0
556,Kolondieba,ML,2020-05-11 00:16:05,11.09,-6.89,82.87,63,95,6.11,overcast clouds,0.0,0.0
